#{"t_start": 1525356790.6065857, "env_id": "RockSample"}
r,l,t
-159.681744,130,0.482485
-149.573585,180,0.596427
-444.508652,145,0.685579
-485.184689,102,0.744116
-614.947101,92,0.794571
-120.994739,90,0.846394
-457.789619,83,0.893057
-322.085926,106,0.955609
-127.667675,92,1.010341
-106.397354,106,1.071922
-384.236865,98,1.128424
-165.893093,85,1.17742
-386.683886,82,1.223026
-316.19502,94,1.27758
-447.521075,81,1.325
-623.643001,106,1.385001
-370.985361,133,1.464708
-137.074836,139,1.546369
-144.959259,133,6.788407
-222.346884,119,8.500897
-106.777867,93,8.553329
-69.181725,71,8.592872
-227.959473,94,8.647194
-114.123461,126,8.722914
-79.771299,100,8.780524
-185.651211,66,8.815715
-95.53363,75,8.858287
-143.599531,81,8.904546
-220.604368,142,8.994446
-108.388033,100,9.049943
-166.610247,83,9.098215
-205.850291,103,9.15966
-341.981538,91,9.211474
-500.536088,86,9.266863
-258.38322,110,9.335314
-414.704499,114,9.405697
-135.458777,120,9.477966
-246.937224,99,9.542796
-383.239337,122,9.621717
-103.490599,98,9.968924
-273.532728,97,10.026631
-266.768535,97,10.081346
-323.596175,99,10.137966
-237.46939,117,10.206876
-307.620859,92,10.259555
-122.942401,139,10.342499
-142.08643,149,10.432867
-427.613877,94,10.490191
-264.954726,116,10.560616
-103.947062,134,10.640795
-134.998322,150,10.734534
-149.925678,125,10.809347
-311.583643,110,10.873011
-162.041254,131,10.95366
-89.796842,83,11.001635
-162.742081,90,11.052861
-119.619981,90,11.103858
-148.485468,140,11.484948
-335.874929,77,11.528033
-488.034076,97,11.584975
-257.280167,118,11.654104
-228.692281,140,11.739206
-190.174311,103,11.796464
-144.816304,98,11.852617
-150.560822,146,11.944614
-123.631347,120,12.01902
-220.340306,113,12.085029
-475.691491,105,12.146027
-307.331188,107,12.208833
-214.408369,124,12.280668
-189.548165,108,12.343721
-442.059327,149,12.436774
-193.570184,109,12.499517
-300.736423,107,12.560963
-311.036672,138,12.643727
-83.34216,109,12.991029
-192.878381,134,13.076273
-214.826737,196,13.208491
-93.277718,154,13.303509
-313.732175,87,13.35194
-56.953382,112,13.421749
-220.034588,85,13.470699
-319.336794,155,13.567847
-113.64027,142,13.655817
-130.854993,195,13.787412
-237.24093,219,13.935139
-164.235679,130,14.016342
-115.48612,140,14.103522
-133.214148,218,14.251758
-218.520828,159,14.63807
-144.098471,168,14.744118
-112.639512,141,14.83217
-119.892451,157,14.930828
-96.307916,176,15.040839
-244.467983,222,15.191849
-83.139258,195,15.328466
-115.312403,159,15.431033
-181.573729,115,15.499632
-121.361567,201,15.63533
-189.374729,191,15.758821
-59.419426,127,15.840072
-210.263362,216,16.333625
-62.819754,168,16.441709
-102.117778,140,16.527852
-115.225685,212,16.676775
-45.237076,124,16.752994
-17.811318,134,16.837861
-49.844982,206,16.97498
-100.952574,128,17.056373
-104.291099,146,17.149232
-112.1851,188,17.28062
-90.028026,142,17.369415
-75.240181,99,17.426877
-81.740348,116,17.502465
-166.020586,192,17.919066
-27.364097,121,17.996141
-69.862367,158,18.09607
-62.383468,215,18.247573
-77.4556,134,18.330178
-401.760896,407,18.856454
-16.390588,208,19.001894
-149.667047,179,19.121732
-65.347326,163,19.225633
-97.979532,140,19.315044
-89.928608,179,19.431703
-160.059029,174,19.830268
-95.579147,168,19.937737
-333.599188,282,20.163032
-80.068784,142,20.250541
-20.814718,110,20.319307
-226.112504,443,20.772561
18.390006,190,20.899321
-115.740748,1000,23.111099
-168.370409,191,23.239294
-103.496514,185,23.368575
-99.878878,214,23.52535
-121.561038,365,23.913872
-57.293195,266,24.130878
-318.885457,532,25.117869
-267.684846,499,25.637004
-65.093715,1000,27.448617
-66.598018,158,27.549876
-29.068982,224,27.702375
-147.198821,351,28.270065
-156.659243,368,28.589529
-112.439105,1000,30.763682
-20.636332,1000,33.006284
-47.894127,1000,35.39203
-28.280747,1000,38.167424
-282.044338,414,38.593341
-104.579386,238,38.781872
-45.069404,1000,41.59204
-22.252464,1000,43.579007
-26.911213,1000,46.068343
14.419147,1000,48.038913
16.877677,1000,50.17347
3.575577,1000,52.032209
14.381852,1000,53.791548
-75.62666,1000,55.498351
-27.322338,1000,57.520964
-63.527501,1000,59.352601
-87.435633,1000,60.967453
-24.754041,1000,63.52045
-298.39788,718,64.405783
6.140705,1000,66.511104
19.319565,1000,68.927651
48.565271,1000,70.676047
-2.719073,1000,72.950944
12.435505,1000,75.309954
-96.91269,1000,77.61753
21.598946,1000,79.924113
17.645286,1000,81.863857
-10.560958,1000,84.189203
-52.903317,1000,86.542931
-23.410403,1000,89.264101
-34.04602,1000,91.760762
14.556724,1000,94.432543
23.296759,1000,96.09479
-55.036688,1000,97.801362
-45.861893,1000,100.199369
-67.111658,1000,102.453562
7.50541,866,103.528685
-47.16801,1000,105.709337
-65.449409,1000,107.389388
-29.259689,1000,110.136466
-64.395606,1000,112.735597
-64.038265,1000,114.354061
-70.117488,1000,116.452792
-7.756729,1000,118.34902
-10.595956,1000,120.793807
-24.738861,1000,122.402846
-29.967011,1000,124.196825
-65.146956,1000,125.923532
44.839628,1000,128.196028
-94.421776,554,128.861291
-19.069798,1000,131.554143
-43.417726,1000,133.625309
-17.327664,1000,136.39435
-47.359473,1000,138.677876
-17.404731,1000,141.401092
-104.961113,944,142.778613
-102.519793,1000,145.010671
-53.537621,1000,147.22729
-78.575799,1000,149.010607
-74.545466,1000,151.763693
-44.379907,1000,154.351168
-32.985841,1000,157.11855
-42.633282,1000,158.919762
-180.479145,713,160.218018
-37.023672,1000,162.280619
-60.984089,1000,164.85618
-36.326164,1000,167.891607
-151.661519,651,168.917838
-35.580627,1000,171.606984
-17.166504,1000,174.258972
-0.15594,1000,176.307274
-27.766725,1000,178.826821
-15.849149,1000,180.915835
-46.151425,1000,182.848748
-95.033812,1000,185.273405
-79.023334,916,186.621867
-38.434681,1000,188.824735
-2.707403,1000,190.215489
-13.068569,842,191.911314
-45.180619,1000,193.848065
-14.276468,887,196.064727
-36.46511,1000,197.525397
-12.60122,1000,199.496636
-55.871123,1000,201.340563
-78.69596,1000,203.394719
-44.994031,1000,204.879318
-95.637619,990,207.626778
-74.107863,1000,209.714373
-59.105737,1000,212.040844
-93.436692,1000,213.318849
-48.939978,1000,215.843668
-91.992498,1000,217.675112
-68.457456,1000,220.092642
-88.889408,997,222.648459
-129.388342,1000,224.735553
-66.947797,1000,227.015281
-142.862743,624,227.644669
-101.692238,1000,229.227602
-56.005734,1000,232.291095
-106.163407,1000,233.988726
-58.08215,1000,236.558641
-150.099113,560,237.50088
-102.808457,287,237.723861
-86.335618,1000,239.666585
-10.909829,1000,241.947215
22.81362,1000,243.611122
-18.947184,1000,245.617864
-5.360463,1000,247.775838
26.525828,1000,249.638162
-73.576034,1000,251.120255
-20.552662,1000,253.503665
-107.358639,1000,255.284206
-21.253891,769,256.611722
-55.279682,1000,258.628896
-4.159998,809,259.852942
-28.73443,1000,261.988168
-139.415139,412,262.3984
-116.233396,284,262.622957
22.463125,1000,265.029569
-40.597476,1000,266.77608
-263.621358,985,268.796079
-135.310027,1000,270.642237
-77.441207,1000,272.909618
-141.998165,1000,274.494473
-50.400982,1000,276.572232
-94.009811,1000,278.499268
-141.487325,1000,281.410086
-24.943785,1000,284.591903
-63.911174,1000,287.276271
-117.373976,1000,289.145534
-29.630682,1000,291.472904
-171.091637,597,292.141403
-15.004996,1000,293.623764
-116.568288,1000,295.757902
-123.098241,1000,297.504045
-66.223224,1000,299.744997
-130.66013,1000,301.233862
-118.732445,1000,303.350691
-93.516432,1000,305.772112
-129.505285,1000,307.821764
-70.665789,1000,310.452634
-66.17762,1000,312.386569
-107.129404,1000,313.99464
-92.523089,1000,316.522918
-122.139329,1000,318.606936
1.509664,790,320.254648
-70.681806,1000,322.238357
18.535848,862,324.401042
-4.341014,1000,326.310673
5.912036,730,327.248369
-95.940462,1000,329.203082
-59.797727,1000,330.887754
-15.178437,769,332.848377
-45.711168,1000,334.434084
-104.601497,277,334.666631
-28.980649,1000,338.123901
-8.390388,785,339.389214
11.088184,1000,341.435269
8.979888,1000,343.915374
-27.691709,1000,345.769451
-101.013572,1000,348.232569
-4.825009,1000,350.738786
-57.184041,1000,352.789035
-13.609326,1000,355.795927
5.923963,823,357.237295
-5.965272,1000,359.684077
-49.69417,732,361.330228
-8.652702,1000,363.412583
-96.298033,894,364.961303
-93.692307,1000,366.659611
-16.982995,1000,368.889881
-4.556481,1000,370.471209
16.299573,1000,372.651791
-37.708797,1000,375.167382
33.996277,1000,378.452322
-15.206465,845,380.486023
-14.287206,1000,382.571327
-51.575765,1000,384.112294
-102.537767,1000,386.155703
-6.043599,1000,388.015416
-15.874765,674,388.690815
-20.491649,1000,391.356808
-50.529749,902,393.163364
14.894142,1000,395.339069
-42.737957,965,397.028744
-18.70476,1000,400.109068
-52.752057,810,401.690209
-22.155814,905,403.689515
-40.33681,1000,405.66631
23.862921,1000,407.463835
-50.782649,888,408.541101
-81.107654,1000,443.441164
-10.005132,749,457.495051
6.088164,1000,459.448304
-181.747258,833,460.698327
-20.572869,1000,462.869881
-114.819096,619,464.158873
-12.677073,1000,466.462714
16.549045,1000,469.490061
-42.618119,752,471.190066
-0.727041,609,471.96424
-30.386673,1000,474.246249
-19.098171,1000,476.701952
-11.948317,1000,479.33036
19.137144,1000,481.682764
-6.938235,719,482.867141
30.796576,1000,484.45754
-28.530604,754,485.914278
-69.420335,1000,489.237859
-11.625285,1000,491.901128
-157.11396,648,493.19458
-11.144759,1000,495.165686
-21.364687,1000,497.957191
-5.588985,1000,499.757303
7.611871,669,500.887447
33.136102,1000,503.37561
-317.695913,886,504.523819
-44.860792,857,506.174839
41.124806,1000,508.840978
-17.198604,1000,510.697349
13.834344,1000,512.455184
9.595404,1000,514.367795
-35.570275,1000,516.822194
-125.626912,723,518.318396
-209.204889,670,519.028789
-54.99774,1000,521.235317
-50.970862,846,522.630113
-4.991588,895,524.838539
-6.840948,1000,527.570924
-75.932772,831,528.726691
-72.779492,818,530.289106
-156.739736,572,531.062038
-77.082508,1000,532.805851
-5.227138,661,534.057057
-150.943896,628,534.990752
-80.938234,1000,536.533098
-86.744024,1000,539.706942
-107.648212,1000,541.464595
-23.686962,1000,543.115352
13.030591,1000,545.172849
-97.400409,1000,546.85648
-39.104631,1000,548.932934
-80.282874,1000,550.74826
-15.925501,1000,552.665568
-27.95846,1000,555.436013
-157.249347,669,556.382141
-201.106013,898,558.092366
-95.183625,1000,560.010545
-180.743103,644,561.062191
-49.975649,660,562.213951
-150.610373,561,562.957598
-105.435947,1000,564.290676
8.48901,715,565.753146
-52.867304,897,568.048249
-166.509218,618,569.16165
-36.276275,1000,571.640941
5.284365,1000,574.68315
-29.066691,776,576.081218
-115.839242,926,577.77594
-46.571714,1000,580.184553
-104.655346,882,581.458544
-25.498036,1000,583.145529
-50.661083,1000,584.468197
-67.18288,874,586.403942
-90.605888,1000,589.11102
-16.946368,716,590.58534
-15.356488,923,591.951301
-9.506469,1000,593.884551
-61.327058,998,595.883625
-56.400213,859,596.971714
-52.203865,1000,599.042513
0.417176,1000,601.193024
-75.536191,1000,603.33301
-64.311299,1000,604.976002
-79.534575,1000,606.980552
-14.181879,881,608.20834
-160.606982,520,608.744487
-130.333455,1000,610.84249
10.245005,1000,613.233028
-11.799514,1000,615.620417
-36.137712,1000,618.158611
-22.940324,1000,620.446539
-19.156422,1000,622.77487
-29.730258,1000,624.555297
-151.493544,711,625.75921
14.193275,1000,628.002552
-141.764574,520,628.562051
-84.319894,768,630.250386
43.3931,1000,632.456475
-4.590022,1000,634.993807
-109.731511,1000,637.556278
-12.017252,710,638.523494
-78.319846,1000,640.717652
-8.714943,1000,643.672565
-9.243172,1000,645.318588
-39.158623,1000,647.063122
31.284693,1000,649.295689
-28.986948,1000,651.398327
-16.967374,1000,653.450101
31.950272,1000,655.196619
-58.835195,862,656.535408
14.756458,1000,658.826641
-178.734206,1000,660.531274
-22.839499,1000,662.358629
-11.332494,1000,663.972095
-125.868744,1000,666.028336
-61.762534,948,668.217375
-117.908605,322,668.765584
-67.81204,1000,670.152404
-194.416248,952,672.399136
-3.96134,728,673.985888
-93.111402,993,675.749218
-170.370338,879,677.207628
-21.947112,1000,678.495599
-48.992081,748,680.418334
0.950477,668,681.259847
-45.527298,782,682.581537
14.871456,1000,684.931454
-125.97189,1000,687.038217
9.202036,1000,690.188873
-89.614263,1000,691.48267
-147.349192,679,692.953287
-11.913792,1000,694.514679
-45.909195,1000,696.769831
-78.467067,1000,698.45691
-15.872583,840,699.999222
-35.234871,773,701.162521
12.344223,729,702.213444
-201.154563,869,704.613658
-16.123659,710,705.347332
-154.547459,729,706.445786
-7.641076,1000,708.30373
-31.861834,723,709.385771
36.709066,1000,712.495101
-51.770546,1000,714.803355
-56.071434,1000,716.478114
-29.412005,660,717.64943
1.922194,1000,718.890277
-7.435952,791,720.779126
13.10101,1000,723.064676
-25.796596,1000,725.21432
-36.797595,1000,726.5776
-64.345026,1000,729.344532
-25.189715,953,730.539989
-59.666615,960,732.135767
-8.572329,805,733.592104
-16.750645,1000,736.157594
-31.026239,968,737.398406
-12.268423,830,738.642959
16.230794,1000,740.65777
-2.023716,505,741.342017
-0.432749,736,742.754055
15.29205,1000,744.047059
-36.111523,1000,746.774864
-71.264096,1000,748.681959
-92.202551,1000,750.567431
3.103284,1000,752.387722
8.450235,1000,755.000882
-11.689124,772,756.289702
19.600019,1000,758.893619
9.464947,1000,761.565002
-51.705045,1000,763.077633
26.505211,1000,765.253361
-25.168294,654,766.225365
7.650386,1000,768.179285
-45.187438,727,769.251971
-10.482192,1000,771.510262
-32.440503,848,772.716566
11.280926,1000,774.470417
-5.204154,1000,776.849653
-8.487956,1000,778.189624
-5.168658,1000,780.786048
-55.733424,1000,783.257865
-114.011236,520,784.152905
11.387535,1000,786.160807
-135.124926,385,786.56968
-4.346899,1000,789.569087
-149.806157,710,790.562908
30.026615,1000,792.462828
-111.418194,477,792.907532
-13.136618,1000,794.449902
-62.50377,863,795.711461
-30.151972,762,796.96413
4.968583,1000,799.704561
-30.663226,1000,801.751573
-31.952937,1000,803.622078
-56.525226,1000,805.541534
-7.036377,706,806.420146
-32.179918,1000,808.27433
-133.259185,451,808.780433
5.620981,1000,810.492336
-226.280458,606,811.057127
-34.467944,1000,812.839283
11.991255,715,814.235395
-41.05788,1000,815.501011
1.589688,1000,818.244701
-47.494081,1000,820.575926
3.549521,1000,823.339011
-67.552502,790,824.783702
-47.844992,681,825.794613
-32.718767,1000,828.454498
6.397957,843,829.633403
13.548279,1000,831.599602
-38.744189,739,832.992412
-34.79408,1000,835.31244
-8.311371,1000,837.110955
10.491107,1000,839.311456
2.305131,1000,841.464909
-81.434023,1000,842.971617
-64.461396,1000,845.497027
-3.023254,1000,847.809153
2.277956,723,848.71473
-21.057259,669,849.391123
18.758445,1000,850.763584
-62.344623,1000,852.607626
26.435141,1000,855.365315
-27.488911,947,857.522624
11.347275,1000,859.070149
-89.681158,1000,860.828444
-46.820407,892,891.52741
-10.613475,1000,904.1622
14.573164,708,904.90647
-4.673296,1000,907.773404
-59.197663,805,909.065057
15.119311,1000,911.316825
1.530152,605,912.23792
-10.120904,655,913.033811
6.610404,1000,915.469615
-6.194118,1000,916.963917
12.564176,591,918.160548
-4.552731,1000,920.119955
-15.537751,924,922.087094
1.883489,1000,923.729818
-10.106776,1000,925.3092
-40.143634,961,927.073728
-15.415264,859,928.211919
-14.574968,802,930.333731
53.123932,1000,931.983077
-12.283317,774,933.502909
16.624278,1000,935.380129
-14.850201,1000,938.201733
34.625755,1000,940.763605
-17.236107,645,941.658507
22.749169,1000,943.307152
-30.173766,708,944.261114
4.59822,915,946.244868
-4.849067,1000,949.112602
28.226041,1000,950.936062
8.04678,1000,952.974473
35.336106,1000,954.916997
-17.341179,1000,956.535611
20.236426,648,957.457615
-8.538504,830,958.997801
7.529011,589,959.680371
4.080922,663,960.564451
-22.767156,1000,962.449521
-12.799796,658,963.345053
-22.164342,1000,965.501845
-64.085645,1000,967.438108
-4.130181,1000,969.740662
-23.960821,1000,971.532605
15.458202,764,972.7164
6.930021,1000,974.923502
-5.88113,1000,976.809553
3.673755,644,977.701341
18.347078,1000,979.205719
36.754755,648,980.150468
-22.598621,968,981.765576
-38.595804,1000,984.515512
26.141084,1000,986.313643
15.154245,1000,988.00071
47.446135,1000,990.29114
-44.664655,931,992.592803
-32.071473,1000,994.233469
-13.256316,549,995.008158
66.207191,1000,997.346913
-50.031495,1000,998.784351
-7.028205,1000,1001.084247
-260.634934,791,1002.194191
-13.664269,691,1003.478246
-102.370672,580,1004.227869
34.250935,1000,1005.878396
65.409363,1000,1007.290294
39.77744,1000,1009.440927
-2.075037,1000,1011.616091
-113.893011,830,1012.530951
25.738243,611,1013.181515
-9.285079,1000,1015.185595
6.581289,1000,1016.906433
-43.56648,1000,1018.516505
64.56044,1000,1020.166041
8.087427,1000,1022.104474
41.661325,1000,1024.194938
6.337822,1000,1027.182164
3.716507,1000,1029.423003
-46.936591,1000,1031.906933
-3.156543,1000,1034.414772
2.19932,1000,1036.670659
11.841067,665,1037.552861
-23.00903,490,1038.061408
14.850442,660,1039.263889
46.276386,906,1040.867374
32.221619,1000,1043.189235
32.740349,1000,1044.775692
-8.927449,965,1046.994599
-18.114469,1000,1048.690499
17.619482,1000,1051.058157
33.218023,1000,1052.339432
-59.738412,774,1053.628562
34.498223,1000,1055.183581
-262.401108,718,1055.873995
-63.496657,1000,1057.729439
24.778799,1000,1059.895967
5.350481,1000,1061.420892
7.875095,682,1062.406219
12.10091,1000,1064.27695
24.008459,1000,1066.189093
-3.948368,1000,1069.247657
19.619728,834,1070.314298
41.129574,581,1070.982915
24.263124,1000,1073.176268
-27.953467,735,1074.447046
-10.616753,703,1075.545745
17.826578,608,1076.528568
-49.546769,883,1077.915347
13.817175,1000,1079.626016
-25.503327,565,1080.296165
4.444493,945,1081.63666
-9.27683,1000,1083.425949
39.825324,1000,1085.212065
17.772148,1000,1086.961918
-76.846479,1000,1089.323122
22.900807,774,1090.96024
-46.099436,1000,1093.119251
23.429545,1000,1094.995043
62.855756,632,1096.018545
53.50062,851,1097.132241
54.831867,1000,1098.759356
23.185934,842,1100.578071
54.463171,623,1101.87462
-18.60098,1000,1104.145622
32.100536,945,1105.632189
24.225614,1000,1107.915205
31.018305,820,1109.475947
47.639329,515,1110.340957
77.420922,774,1111.244083
-109.105961,965,1113.046602
45.539358,645,1113.920124
-43.814784,1000,1115.410973
-37.441316,934,1117.055412
19.431201,1000,1119.021092
-34.527347,1000,1120.530584
-2.598028,1000,1122.121382
7.412057,974,1123.860025
12.956276,986,1126.471387
20.902231,779,1128.35546
34.48872,1000,1129.64466
73.784102,633,1130.487517
-30.972449,1000,1132.802646
6.688269,699,1133.857069
-8.782068,1000,1135.629386
-29.669747,784,1136.977512
24.793034,987,1139.233732
5.51062,976,1140.769238
42.23616,674,1141.561911
47.859868,727,1143.059871
-16.567563,838,1144.403806
1.601656,692,1145.77045
30.565828,991,1147.74477
26.033593,861,1149.233864
67.640345,848,1151.110412
59.272374,961,1152.10766
-36.701184,1000,1153.642996
-60.528305,708,1154.8004
-86.049063,985,1156.592641
11.341228,784,1157.884758
52.330046,716,1158.74066
-9.510603,546,1159.5729
-7.686234,1000,1160.905522
6.864651,705,1161.990667
35.553886,692,1163.061301
-33.912609,839,1164.325763
-12.238026,883,1166.451745
35.898288,1000,1167.915756
51.782911,684,1168.706684
17.091268,608,1169.933936
72.549917,695,1170.88777
-55.451005,774,1172.270702
20.324455,605,1173.116138
-6.991372,1000,1174.546102
9.925066,782,1176.041025
45.771456,889,1177.07323
11.236425,1000,1179.390373
-232.181884,775,1180.200978
-25.155079,1000,1182.202007
21.156062,889,1183.608421
43.98922,819,1184.995331
-1.377683,597,1185.842605
8.103125,859,1187.275806
43.342942,785,1188.820233
8.858733,561,1189.807236
34.733291,1000,1191.272334
-104.77375,564,1191.926241
-1.392317,654,1193.273567
-18.281391,1000,1195.78648
10.25668,1000,1197.448666
35.98605,796,1198.789779
40.155018,664,1199.724188
-46.623894,730,1201.034245
-13.185586,732,1201.986011
-12.489953,633,1202.888115
11.429,1000,1205.370947
1.756674,855,1206.927346
25.86399,798,1208.549551
-29.512287,852,1209.963101
15.37267,1000,1212.34543
65.33951,908,1213.964687
16.517293,759,1215.424473
-4.991766,724,1216.931321
16.926903,775,1218.192484
-67.480702,783,1219.56003
-51.309379,808,1220.931026
-113.251634,907,1222.07907
-215.148736,521,1222.907188
35.986099,777,1223.862535
9.248873,1000,1225.867915
39.946164,774,1227.199075
10.771206,1000,1228.836987
45.20358,770,1230.323259
-109.25572,530,1230.910264
45.087535,776,1231.967307
-19.322755,854,1233.468039
-259.220876,789,1234.440895
5.332535,730,1236.145757
27.755324,1000,1237.343667
28.790145,1000,1239.606831
3.015847,682,1240.660851
-7.985507,780,1241.587207
-152.689225,576,1242.448123
71.402979,708,1243.265874
24.899992,1000,1244.805433
37.122343,1000,1246.397204
8.280504,1000,1249.029865
-38.92309,718,1250.020164
75.27882,697,1251.088795
14.543166,727,1252.096889
5.575703,1000,1253.65143
2.512599,861,1255.713498
-131.332053,364,1256.01932
-34.614481,786,1257.54918
3.467144,791,1258.833283
-10.072695,740,1260.378077
25.624993,730,1261.679545
38.609195,732,1262.529083
-10.702592,737,1263.975237
22.460878,1000,1265.478082
34.476858,835,1267.641275
-26.019305,771,1268.944871
-15.373806,1000,1270.499345
35.655406,672,1293.246068
45.843447,668,1302.304309
39.228796,795,1303.323115
35.027377,745,1304.620976
16.78704,1000,1306.205013
-8.373923,607,1306.765811
39.531209,677,1307.776415
14.997504,698,1308.830019
47.530018,895,1310.201844
45.127004,655,1311.421189
32.290752,1000,1313.066903
32.248719,1000,1314.710584
31.910947,797,1315.736265
48.084203,898,1317.059868
44.71529,615,1317.753113
40.14737,727,1318.537965
-52.42424,1000,1320.202323
-151.640904,442,1320.573578
-9.747918,608,1321.135884
53.366423,865,1322.481295
11.079487,1000,1324.695215
-98.025046,284,1324.893385
52.399056,616,1326.041176
10.655058,1000,1327.628034
0.679231,699,1328.828132
-148.206513,422,1329.484819
21.903442,721,1330.567754
24.300293,815,1331.637608
19.638123,668,1332.938886
11.952378,581,1333.658465
58.47155,673,1334.299116
-47.935116,624,1335.553022
26.843107,777,1336.659719
52.848547,992,1338.081406
14.968616,1000,1339.531625
7.338148,1000,1341.376515
46.985288,838,1342.571897
32.798398,859,1344.013708
50.463839,675,1345.156323
30.582204,740,1346.589839
29.37654,572,1347.195028
28.540232,857,1348.751914
-26.405717,901,1350.088903
-128.835164,172,1350.197017
-164.472635,599,1351.145041
-3.965634,1000,1352.384472
-26.662896,1000,1353.75334
26.554293,779,1355.023909
-102.433814,336,1355.331161
-8.442485,616,1356.035769
32.186927,1000,1358.538574
42.506242,1000,1360.137697
-35.848095,866,1362.002501
19.440173,1000,1363.681981
-14.855378,615,1364.454034
34.53503,1000,1365.829901
40.548054,727,1366.566566
28.410389,1000,1368.187416
46.893698,614,1369.004273
2.466228,1000,1371.78701
4.451963,1000,1373.282404
-103.694741,189,1373.408201
3.044484,576,1374.057611
53.589186,765,1375.339161
-38.935854,677,1376.517449
-7.984854,713,1377.741955
45.957683,821,1378.881435
-2.318656,998,1380.459286
-81.411651,502,1381.160469
30.249995,716,1382.26031
7.643453,892,1384.208577
-40.239879,1000,1386.40386
23.723753,701,1387.595054
30.244647,1000,1389.786666
18.101177,645,1390.716888
54.560479,750,1392.202439
10.1592,735,1393.89169
65.925466,1000,1395.310117
48.471574,834,1396.760898
28.843364,985,1398.298963
4.044029,899,1400.821144
11.314697,1000,1402.174079
39.359902,619,1402.841323
16.668702,1000,1404.445493
-39.779565,862,1405.81234
62.903593,906,1407.162691
50.822934,678,1408.258966
41.22586,1000,1410.197162
34.095285,794,1411.442648
17.597116,1000,1412.688932
56.389522,763,1414.145151
48.081645,626,1415.002495
55.74353,653,1416.10304
-10.539006,1000,1417.80572
24.022973,754,1418.71292
-123.829006,442,1419.383221
7.508404,641,1420.217681
28.32453,813,1421.576687
-112.984924,498,1422.325872
1.996755,777,1423.46335
27.482899,726,1424.478287
-11.247288,1000,1426.832499
-92.995311,534,1427.279916
48.460244,722,1428.40959
35.103993,1000,1430.02136
40.987858,773,1430.989539
75.932143,721,1432.21046
5.538052,832,1434.023584
71.969895,754,1434.955799
62.185674,764,1436.104006
19.866761,763,1437.289536
17.307633,691,1438.371052
6.795087,1000,1440.763215
37.527677,778,1441.913123
-218.098663,604,1442.917463
44.721866,872,1443.945583
86.078548,631,1444.688522
55.321841,1000,1446.778196
-36.665358,1000,1448.694176
59.403575,1000,1450.301419
26.008726,683,1451.317967
35.964844,858,1452.926764
32.677787,648,1453.907373
69.688633,792,1455.319762
44.229838,692,1456.824782
81.164627,769,1457.662077
55.254905,786,1458.857128
11.963214,733,1459.949624
-38.239856,1000,1461.176379
-16.550908,764,1462.877664
37.525295,1000,1464.320522
54.806576,620,1464.96286
18.650835,817,1466.765144
23.214454,1000,1468.933911
36.246615,672,1470.266711
-3.024356,1000,1472.582449
-110.203536,509,1473.117671
-7.899677,773,1474.549438
27.172951,947,1476.801375
-3.423943,662,1477.535327
35.042236,732,1479.204251
-2.196631,723,1480.231882
51.369656,689,1480.982688
9.675286,873,1482.690428
18.055894,708,1483.727184
64.782131,826,1485.111545
38.728714,1000,1486.333096
28.196682,775,1487.661791
-0.712892,660,1488.716113
52.783287,1000,1489.864655
36.193186,832,1491.056136
-46.16373,790,1492.494141
29.660895,1000,1494.59848
32.085163,943,1495.973777
70.314282,882,1497.545524
22.337806,653,1498.60163
-17.009638,1000,1500.30794
-40.787251,695,1501.648793
-30.372774,669,1502.281291
-4.229371,532,1502.767462
-16.882197,1000,1504.726207
47.243237,786,1505.826436
33.358553,615,1506.855715
-23.970017,1000,1508.541163
46.482918,663,1509.353335
56.322337,639,1510.298067
68.4854,623,1511.114445
30.594378,645,1511.743739
1.96176,805,1513.939062
-83.099626,478,1514.481416
59.124363,1000,1516.442913
68.863433,711,1517.775693
-1.780386,687,1518.96882
18.814046,723,1520.145534
18.156621,634,1521.531897
19.781684,1000,1522.899605
42.267512,732,1523.898427
16.597506,1000,1526.528133
60.617898,1000,1528.112141
-0.255658,670,1529.513853
32.571192,795,1530.492599
23.05174,1000,1532.290911
90.053682,592,1532.834728
47.911494,1000,1534.048931
52.354337,617,1535.356463
-9.652124,1000,1537.720398
56.028237,694,1539.176683
89.621021,527,1539.824092
45.48427,674,1540.590181
61.214206,823,1542.143407
34.697364,1000,1543.749163
30.027335,601,1544.60876
-94.228228,616,1545.715712
-18.259205,620,1546.510871
23.67851,1000,1548.123791
-27.349084,809,1549.395866
-17.565113,785,1550.279451
99.876193,525,1550.858256
67.532598,1000,1553.076244
89.672167,598,1553.592964
-124.356189,532,1554.114654
23.523571,1000,1555.755472
-15.018995,629,1556.56135
25.688593,754,1558.111345
39.983338,548,1558.569956
47.70578,1000,1560.248535
46.310245,685,1561.681678
53.672129,507,1562.286058
89.401201,1000,1563.494428
2.886689,670,1565.11108
34.277143,682,1566.148593
67.169126,583,1566.972926
35.184452,831,1568.187289
-16.582184,681,1569.149848
22.144039,712,1570.71494
35.503904,683,1571.874854
85.959537,554,1572.412377
79.568189,682,1573.360937
57.908845,1000,1575.418661
-0.783308,634,1576.10349
-7.343402,1000,1578.715553
83.914533,548,1579.226452
20.60532,561,1579.882656
20.636452,738,1581.253848
37.363358,696,1582.426622
52.714637,1000,1584.147267
18.033347,669,1585.446905
-0.72276,655,1586.163022
70.027702,783,1587.676593
43.196469,789,1588.667357
58.520506,1000,1590.302119
-6.133657,1000,1592.623242
43.577362,806,1593.535348
20.556557,823,1595.738773
41.204457,658,1596.675514
49.752471,686,1597.614062
70.92824,564,1598.472829
35.612533,608,1599.374463
28.772276,661,1600.204072
26.126334,1000,1602.17232
40.756881,549,1602.726681
48.252344,656,1603.543057
10.511076,700,1604.995976
9.971556,694,1606.271177
58.612248,588,1606.913062
-5.489933,670,1608.355217
58.111431,809,1609.957839
45.014285,666,1610.8494
14.699634,629,1611.990567
34.956431,648,1612.832664
18.10946,607,1613.571617
73.821727,683,1614.777416
25.595512,682,1615.82939
105.017135,602,1616.348317
57.681794,537,1617.132333
117.268061,507,1617.938496
67.000752,706,1618.974646
48.787662,578,1619.805792
29.254705,697,1620.938233
59.14199,623,1622.04159
14.714726,809,1622.992255
87.649758,1000,1624.631897
31.233745,710,1625.934463
73.699771,493,1626.599426
-34.660959,818,1628.480064
32.316055,697,1629.443948
102.804511,482,1629.871024
49.074143,818,1631.089416
52.824106,631,1632.118479
30.263231,625,1633.097848
78.010938,547,1651.697401
108.335267,497,1658.928871
-12.652069,548,1659.685782
63.608674,1000,1661.031831
68.08149,612,1662.287322
28.429804,693,1663.420619
91.599153,608,1664.047245
68.515315,748,1665.311603
47.975888,613,1666.160007
33.181177,651,1666.941043
62.756968,561,1668.063394
37.434325,634,1668.997065
28.739286,631,1669.88814
100.815709,471,1670.597223
62.938885,1000,1671.64573
39.46089,669,1672.569602
59.078308,780,1674.338079
46.206968,720,1675.364146
89.183899,492,1675.843294
53.503602,583,1676.839171
45.877425,584,1677.695223
67.381867,594,1678.336919
-24.051248,1000,1680.454984
17.559758,1000,1681.820497
20.321945,603,1682.63708
57.817657,560,1683.632533
43.141585,592,1684.391837
37.893562,596,1685.379802
44.874222,595,1686.671785
58.260904,607,1687.568789
49.71648,708,1688.46818
51.211497,577,1689.452808
40.479817,694,1690.366725
35.448028,608,1691.343385
41.885289,712,1692.575043
34.601309,627,1693.285771
41.004001,578,1694.185426
57.935399,704,1695.267343
95.463248,503,1696.129282
42.658523,738,1696.930112
11.3479,1000,1698.670561
79.536707,627,1699.521944
71.861693,467,1700.114506
109.145021,482,1700.605908
46.338206,649,1701.675108
112.715279,519,1702.346498
37.394152,1000,1703.760568
-12.853807,1000,1705.594954
85.413924,492,1706.199576
48.421434,1000,1708.1875
65.21687,663,1709.184862
62.180288,1000,1710.658766
84.000308,660,1711.769781
57.4038,674,1712.931358
42.708749,1000,1715.281659
68.154904,537,1716.076001
61.297176,803,1717.332942
38.739379,596,1718.029489
63.535668,661,1719.346083
59.765737,634,1720.311928
66.119508,769,1721.371264
34.033495,616,1722.711163
32.975838,1000,1723.872591
60.773506,558,1725.059813
90.519843,643,1725.756582
56.66062,570,1726.454017
69.088111,657,1727.225611
44.075823,616,1728.173556
39.388246,626,1729.145599
34.240798,576,1729.92785
61.524601,619,1730.878073
67.305394,545,1731.473366
20.693669,1000,1733.099933
84.166424,642,1734.186329
72.57481,698,1734.950631
92.417266,530,1735.570481
62.062744,589,1736.693321
69.2439,414,1737.093517
64.922912,537,1737.784939
-3.176292,1000,1739.341366
48.065091,687,1740.220778
70.798064,1000,1741.571367
102.579896,546,1742.471674
81.122269,557,1743.243571
90.849883,1000,1744.559487
73.468195,644,1745.641029
118.493724,406,1746.027317
99.482897,1000,1747.65311
43.242041,574,1748.716704
51.78666,633,1749.462913
59.814199,612,1750.304289
69.995701,1000,1753.540029
33.748378,503,1753.993971
70.024013,748,1754.988586
80.651198,961,1757.059878
55.297836,574,1757.770456
61.09339,1000,1759.509996
62.486368,677,1760.483863
69.757225,545,1761.180618
76.248999,599,1762.169499
62.458979,760,1763.328526
65.701223,579,1764.03089
86.106053,633,1764.71953
34.74123,620,1766.036054
50.555595,528,1766.79348
64.73679,858,1768.041721
89.983689,421,1768.777981
50.563419,708,1769.740424
65.431928,647,1770.756349
65.470342,982,1772.092445
26.292665,521,1772.825612
69.558938,886,1774.34269
135.710533,668,1775.465821
91.748106,625,1776.215611
69.191302,1000,1777.585789
52.762556,560,1778.336706
77.254297,739,1779.730505
26.161876,566,1780.690527
83.38171,625,1781.347547
-41.064801,1000,1783.29291
88.468343,453,1784.051751
120.014783,651,1784.732353
86.457562,756,1785.924336
59.974257,807,1787.461407
54.507749,517,1787.980247
68.781818,690,1788.752908
101.674783,623,1789.830621
51.973174,560,1790.588799
73.097062,553,1791.416443
99.323906,487,1791.868751
44.384056,551,1793.014324
90.651501,672,1793.901171
54.74296,702,1794.772323
86.186679,492,1795.338836
75.349692,634,1796.409928
84.443458,464,1796.952456
112.404733,414,1797.342019
58.185009,592,1798.202979
42.85579,539,1798.889227
50.333422,527,1799.403073
33.528347,1000,1802.241526
60.548409,564,1802.929469
21.194486,1000,1805.28347
111.864333,497,1806.061725
-72.023411,691,1806.9353
34.221092,688,1808.000275
69.804866,1000,1809.800875
72.937208,1000,1810.998186
62.59719,1000,1812.991916
31.587395,527,1813.698412
-20.1722,1000,1816.46019
72.098075,480,1817.433269
104.7318,485,1817.846128
78.192681,361,1818.111665
83.459523,564,1818.718816
18.570758,840,1820.460757
45.924426,532,1821.054288
14.320488,497,1821.571206
104.153941,414,1821.895745
78.227363,441,1822.622815
78.774134,513,1823.271809
40.540275,571,1823.986524
50.68467,549,1824.745162
72.410634,460,1825.605875
84.914697,450,1826.197697
107.200337,547,1826.798765
17.121769,508,1827.356545
52.164476,488,1828.300963
63.607971,562,1829.03364
135.715499,342,1829.323514
82.756951,684,1830.394084
126.863078,397,1831.03424
86.482202,592,1831.556415
49.866882,566,1832.460663
53.823542,476,1832.904224
98.714966,391,1833.556067
65.276989,534,1834.334843
-55.318134,593,1835.073358
74.7718,561,1835.823224
57.920564,480,1836.722856
93.670164,544,1837.266934
59.579734,1000,1838.892675
53.645266,467,1839.699333
99.116534,527,1840.180578
31.953661,1000,1841.756625
73.700721,361,1842.386562
115.878393,380,1842.707566
65.506384,440,1843.174849
69.671466,895,1844.449495
91.50979,589,1845.409506
89.587094,473,1845.964501
131.883254,361,1846.265713
86.681842,1000,1847.828202
118.627342,364,1848.144357
84.526807,530,1848.683314
69.580708,577,1849.38075
78.52296,1000,1850.844473
117.543257,351,1851.10673
70.518541,490,1851.529417
52.994723,521,1852.296859
14.740428,537,1853.186915
62.622799,500,1853.830157
99.658703,573,1854.462888
31.621823,732,1856.088941
-21.731107,296,1856.299718
42.895989,477,1856.868369
63.327116,530,1857.438766
123.727362,1000,1858.716032
63.146612,550,1859.484325
74.069755,502,1860.028601
117.969781,520,1860.794231
22.379099,1000,1862.302824
59.788402,464,1862.794163
106.865284,458,1863.312463
61.736931,1000,1864.974717
102.11728,624,1865.731361
36.821564,458,1866.258192
106.409772,826,1867.580502
71.495006,457,1868.028988
98.857202,560,1868.541141
97.247166,545,1869.343783
86.568741,415,1869.728529
107.684665,453,1870.215819
72.123863,540,1870.790137
54.681911,544,1871.820483
49.919373,1000,1873.376664
-60.532447,379,1873.765041
79.847386,1000,1875.08589
42.465055,727,1876.35507
120.348999,345,1876.643817
62.825517,1000,1878.934258
121.541935,362,1879.252962
58.634009,790,1880.013314
58.115051,495,1880.831029
80.030779,459,1881.371664
29.093931,551,1882.09493
6.960119,640,1882.937466
64.182023,451,1883.764118
78.475758,480,1884.361433
38.399115,550,1885.090273
65.211663,523,1885.751363
31.364966,1000,1888.237381
67.95871,521,1888.811559
54.359857,455,1889.362473
56.659102,579,1890.477264
81.054651,566,1891.245666
-6.845172,1000,1892.736902
116.567825,317,1893.278777
81.368791,404,1893.604447
76.525114,543,1894.21865
68.147318,383,1894.516259
85.227856,351,1894.803914
73.326411,579,1896.006594
110.822917,387,1896.405074
93.793878,379,1896.761333
78.313251,343,1897.059897
51.096549,1000,1898.935519
77.476179,1000,1900.061539
91.649501,479,1900.544664
100.619446,474,1901.399928
47.438886,1000,1903.102401
85.025005,441,1903.565339
-42.62114,249,1903.751035
85.785719,349,1904.390159
78.09529,495,1904.925825
91.646438,494,1905.378967
62.310964,386,1905.738705
84.937388,444,1906.293142
78.582989,522,1907.161435
108.306641,579,1907.905259
77.996841,438,1908.363278
83.971729,478,1908.926373
64.265013,1000,1910.500309
72.986697,494,1911.086144
83.243432,552,1911.714339
53.939555,461,1912.583216
44.274281,1000,1914.258207
104.223279,374,1914.583801
107.574546,472,1915.43948
104.683505,572,1916.323446
53.276928,890,1918.39759
77.515189,443,1919.194284
111.529662,384,1919.515862
-10.092185,243,1919.680812
125.928652,827,1920.451457
-16.121087,1000,1922.608746
88.788918,342,1922.940768
76.979507,1000,1924.625389
105.422888,383,1925.341913
60.764678,458,1925.896867
29.605675,466,1926.475122
100.196433,1000,1927.830903
102.235395,413,1928.512122
74.988504,426,1929.028608
119.733955,402,1929.487914
91.076325,566,1930.02287
101.364217,530,1931.004889
122.926457,389,1931.362839
56.403067,505,1931.806838
89.649483,526,1932.382143
104.509426,390,1932.997559
49.004423,688,1933.981582
94.83495,472,1934.472893
68.979525,480,1935.119518
45.683938,363,1935.438504
74.433386,1000,1937.029694
39.069059,467,1937.535442
102.414569,387,1937.880122
114.573524,422,1938.578121
93.559981,504,1939.193517
52.949581,1000,1940.377915
55.396802,713,1941.334092
32.943022,506,1941.860631
50.144441,529,1942.552294
61.852805,575,1943.314044
37.574184,1000,1945.024762
76.210057,1000,1946.142673
101.021835,510,1946.923161
110.575034,530,1947.584212
59.325426,1000,1949.166475
47.58039,1000,1951.670239
51.623812,509,1952.21355
88.41607,401,1952.638103
69.377511,450,1953.403621
59.307597,919,1955.072006
53.241225,425,1955.582989
58.168976,383,1955.873362
85.775313,983,1957.85724
54.351765,672,1958.621911
84.030915,445,1959.166987
-1.62551,1000,1992.798748
100.497286,426,2005.768435
96.750912,381,2006.122274
56.719609,425,2006.612986
77.140016,424,2007.062795
91.124971,524,2007.828117
9.566359,1000,2009.094219
127.552657,403,2009.43465
99.724506,355,2009.775147
59.367528,1000,2011.460781
103.118442,337,2011.708407
88.399617,409,2012.16558
123.534509,311,2012.445947
46.184427,437,2013.235464
93.94049,473,2013.697226
81.291981,407,2014.161191
89.720634,432,2014.614128
41.585164,1000,2016.801024
101.120515,344,2017.117184
94.162828,474,2017.593711
117.212207,502,2018.059655
64.164728,1000,2019.695598
133.553069,363,2020.064141
68.955944,426,2020.473897
97.174578,464,2021.13087
64.267321,452,2021.720002
66.372019,475,2022.213967
76.508061,297,2022.453052
31.871037,916,2024.352021
14.901162,1000,2026.381934
116.462743,1000,2027.908378
106.498182,375,2028.203362
-29.606075,247,2028.363838
81.465516,441,2028.875841
108.561198,480,2029.350964
59.874805,493,2030.348077
89.504631,586,2031.154335
-12.746345,1000,2032.686584
134.499767,339,2032.934364
26.364008,604,2034.157588
94.661135,691,2035.256073
56.060101,714,2036.20297
66.516373,650,2037.230744
33.596822,559,2037.873011
18.773372,731,2038.858429
64.330914,924,2040.694093
63.070518,1000,2042.710144
87.027375,490,2043.586816
50.998479,1000,2045.188074
71.362597,499,2045.672583
80.357443,370,2046.01536
34.864851,885,2047.953638
49.541913,437,2048.47212
81.320828,404,2048.867464
98.449662,327,2049.122951
75.019465,1000,2051.382432
80.618523,737,2052.468811
-32.612845,286,2052.68188
79.939311,521,2053.556258
44.275039,657,2054.473623
97.778526,494,2055.053252
60.041929,605,2056.144186
-61.508462,252,2056.335933
-40.399247,1000,2057.884181
88.110342,1000,2059.200752
68.780303,443,2059.70592
72.758671,495,2060.320045
70.093401,360,2060.630746
69.431003,1000,2062.025091
23.341353,1000,2063.674572
70.355398,445,2064.43812
73.140304,421,2064.927217
41.420138,551,2065.690965
82.160817,432,2066.239377
74.824529,431,2066.77117
84.149087,371,2067.337984
82.202624,1000,2068.581296
99.691161,392,2068.942469
42.68534,1000,2071.211282
63.203491,569,2072.072036
66.645474,505,2072.595841
103.963304,368,2072.893934
111.93467,374,2073.465735
-48.081814,235,2073.633612
65.00307,512,2074.408467
51.366819,417,2074.853921
-73.987725,295,2075.092157
49.182643,517,2076.003381
38.1927,474,2076.553195
88.727754,604,2077.591741
12.159236,509,2078.287593
50.723263,489,2079.286827
92.08753,326,2079.547661
28.68494,422,2080.002743
98.853139,490,2080.720981
64.56336,338,2081.049446
55.473987,447,2081.840316
75.729287,632,2082.80308
72.898791,321,2083.078845
82.895717,440,2083.54264
66.270848,1000,2085.282254
-74.522545,430,2085.779969
106.495671,431,2086.165821
107.854001,1000,2087.788303
-69.336564,220,2087.936103
62.565127,439,2088.486421
35.000621,1000,2090.19926
113.413444,426,2090.623954
73.552386,402,2090.972245
70.181091,454,2091.54567
84.122367,417,2091.997223
-73.97129,403,2092.703746
-44.810006,298,2092.955566
58.697012,455,2093.404279
81.723541,1000,2094.950148
57.504004,437,2095.791474
65.436387,1000,2097.351074
76.508291,472,2097.88022
38.622442,418,2098.576052
90.978433,1000,2100.117805
81.498828,1000,2101.217091
64.656099,1000,2102.509786
51.485983,1000,2103.802574
-36.339492,527,2104.50686
80.086288,471,2104.98785
81.080676,1000,2106.357686
61.578645,1000,2107.72078
87.001787,475,2108.159233
80.770393,500,2108.661635
-14.094536,1000,2111.479474
86.289308,441,2111.948786
23.533506,1000,2113.89025
71.752418,417,2114.303661
60.28991,1000,2115.387558
60.32247,1000,2116.974823
75.159174,392,2117.384278
125.923191,368,2117.695526
6.351978,1000,2119.247406
41.321215,520,2120.001605
73.304592,458,2120.499976
92.310331,1000,2122.047739
83.976332,474,2122.641403
81.270163,372,2123.001421
61.663327,447,2123.485537
80.041241,450,2123.888372
82.039681,339,2124.486456
79.05149,337,2124.826908
83.642211,621,2125.585668
61.030916,568,2126.419857
79.445686,416,2127.181772
24.705648,527,2127.709557
35.473391,1000,2129.368879
79.417739,1000,2130.82393
51.072654,386,2131.191172
30.788979,431,2131.702407
91.784846,670,2133.139012
72.327837,340,2133.477478
65.629498,523,2134.070649
-88.702047,413,2134.480898
25.889947,1000,2136.287544
92.32415,409,2136.726609
91.519639,406,2137.185319
29.139663,465,2137.704567
5.882082,548,2138.661556
90.644336,459,2139.268638
51.896758,1000,2140.853989
28.86843,575,2141.974043
118.008931,412,2142.35249
68.500076,455,2142.782411
-48.789956,300,2142.991186
-59.759107,419,2143.496101
102.416685,482,2144.35702
-76.480386,445,2144.733512
28.073215,1000,2146.719531
69.82953,711,2147.736593
87.620083,508,2148.435218
89.261744,836,2149.502749
-4.675551,437,2150.01564
86.524263,410,2150.665717
72.943617,519,2151.318988
-70.957354,186,2151.441855
81.079756,441,2151.872624
-4.735753,232,2152.044505
46.075097,403,2152.749174
76.470889,543,2153.538422
100.268295,442,2153.994854
49.466247,447,2154.529311
95.786201,452,2154.977724
60.583669,1000,2156.415473
58.923822,395,2156.813542
68.376654,423,2157.22368
59.250402,1000,2158.812666
17.954389,402,2159.265462
79.029562,438,2159.782059
46.179673,437,2160.241277
82.111079,445,2161.021833
93.011816,1000,2163.095608
53.749179,441,2163.50196
64.636837,1000,2165.679343
28.205442,560,2166.207882
81.10038,1000,2167.815853
6.854703,1000,2169.633649
31.561539,637,2170.743606
51.994826,1000,2172.612874
65.750193,447,2173.073953
91.425718,1000,2174.482157
37.185182,446,2174.999739
130.631637,453,2175.490644
37.112982,669,2176.632508
42.08827,397,2177.337493
-32.294512,273,2177.545716
56.00406,452,2178.012924
59.013683,434,2178.525994
52.917489,397,2178.911105
-7.115434,429,2179.617036
43.156181,599,2180.267537
72.412742,610,2181.171813
93.695668,256,2181.355066
63.324654,639,2182.309746
89.819809,407,2182.747441
53.601117,418,2183.184661
49.742597,452,2183.806626
30.440304,396,2184.152545
52.537933,656,2185.110509
91.55732,278,2185.320885
87.617833,394,2185.667458
74.617764,488,2186.067311
61.649509,318,2186.336302
50.696902,437,2187.11527
30.547238,467,2187.6647
75.130015,437,2188.078854
81.849163,415,2188.515423
64.968606,509,2189.335471
30.086688,377,2189.744346
10.234436,433,2190.165941
66.735599,420,2190.646106
37.092261,1000,2192.227297
71.538114,1000,2193.349448
73.275127,399,2193.823162
12.650219,357,2194.089823
69.000118,452,2194.881602
91.487408,461,2195.443434
92.333784,1000,2196.605004
44.170273,333,2197.1461
1.100759,498,2197.667683
63.047408,260,2197.868281
57.799668,1000,2199.038066
98.224661,464,2199.92118
-56.625778,226,2200.081519
13.255548,449,2200.570893
6.246904,666,2201.460159
34.705339,1000,2203.270928
69.275612,502,2203.911139
77.377655,429,2204.391943
46.50628,1000,2205.976096
10.743415,451,2206.488574
53.6405,510,2207.084747
82.78913,626,2208.110259
19.373771,434,2208.608514
92.346878,422,2209.049447
-16.287892,440,2209.539975
75.411102,367,2209.903099
105.373324,448,2210.667459
31.87935,580,2211.438111
77.435993,335,2211.729265
32.98219,573,2212.215691
61.082299,417,2212.676262
101.453916,879,2213.842935
28.023979,567,2214.548531
74.125887,368,2214.853676
78.329206,379,2215.451101
59.703382,446,2215.912324
109.054471,713,2216.842348
61.066899,402,2217.290764
-22.122795,252,2217.467839
78.05124,450,2218.275496
76.437108,1000,2219.428072
-79.843025,351,2219.75767
83.500959,284,2219.964475
51.365007,433,2220.778086
65.521825,359,2221.133175
76.529397,1000,2222.558174
112.499133,474,2223.290412
89.478057,447,2223.795408
74.290286,1000,2224.878073
115.400818,460,2225.536903
-39.585887,407,2225.890797
46.769911,448,2226.390188
121.408362,451,2226.791547
105.495365,390,2227.264316
26.695993,496,2227.966561
58.853121,416,2228.463078
68.824075,349,2228.807085
47.093289,397,2229.094677
120.190616,351,2229.411372
45.293351,351,2229.707685
108.159801,502,2230.57274
53.680936,780,2231.711799
88.917218,415,2232.148235
69.09155,344,2232.389404
57.428872,439,2233.090618
30.097589,1000,2234.384657
64.959424,413,2234.789909
-45.994372,1000,2236.572376
61.166035,504,2237.308311
-22.068662,293,2237.505647
10.695791,859,2238.949122
58.604816,410,2239.472785
-99.144365,353,2239.784904
-16.571589,557,2240.58992
82.037836,273,2240.794195
106.529121,456,2241.552382
68.845236,435,2242.048379
82.438132,445,2242.467009
55.211894,555,2243.009167
97.9268,434,2243.743361
63.951328,419,2244.168056
71.340517,1000,2245.755538
32.464708,408,2246.18177
90.511451,504,2247.144798
48.398563,1000,2248.89482
-7.722272,398,2249.222081
47.22015,1000,2251.656488
35.479285,446,2252.292748
64.558352,412,2252.630274
107.485779,340,2252.951639
113.475839,483,2253.806484
115.425641,467,2254.233997
-55.820958,247,2254.43394
99.910731,389,2254.86596
-85.320915,293,2255.118469
64.596641,416,2255.916162
95.888555,426,2256.29331
126.294557,480,2256.683219
84.963807,401,2257.172775
58.39177,1000,2258.803313
61.026513,701,2259.752573
80.037024,266,2259.957277
78.072356,454,2260.440473
55.622384,634,2261.376252
29.628187,604,2262.133662
43.52554,452,2262.665475
69.775888,343,2262.982969
59.031927,387,2263.592268
-105.786178,351,2263.948259
49.870634,446,2264.59762
62.195552,422,2265.119202
44.244971,348,2265.429554
0.368438,1000,2268.351919
39.130805,480,2268.796844
18.657635,1000,2271.464453
72.937065,434,2271.947913
27.104817,389,2272.375266
71.892691,467,2272.98198
-60.188931,237,2273.149786
-42.952099,242,2273.314919
31.101848,456,2274.115926
41.933182,434,2274.563086
73.273609,453,2275.117537
84.496983,393,2275.513955
7.165896,382,2275.909391
65.420464,1000,2277.951558
75.192611,1000,2279.179188
58.604306,1000,2281.148479
69.208244,546,2281.772258
-7.186812,1000,2284.306489
34.331853,582,2285.129438
3.484837,432,2285.544222
80.767619,420,2285.990243
31.690604,1000,2287.563275
46.792392,1000,2288.818686
73.267159,1000,2322.583732
16.260463,1000,2336.208807
4.249912,1000,2338.253567
63.570201,311,2338.795829
93.030989,434,2339.320536
-107.647916,309,2339.581728
81.083197,278,2339.798394
59.913423,1000,2341.199833
52.301459,340,2341.516342
114.473788,384,2341.881402
93.133638,498,2342.372727
75.650894,408,2342.828707
65.625275,397,2343.515819
101.155117,426,2343.981504
17.876062,451,2344.409708
49.768123,364,2344.784086
42.848346,1000,2346.517379
35.660253,337,2346.849027
76.878483,449,2347.322714
40.345981,746,2348.47482
32.848527,387,2349.081628
88.179798,362,2349.42398
71.622357,360,2349.782115
99.903882,523,2350.192396
42.870023,507,2350.757182
90.215941,397,2351.402759
27.083605,868,2353.214217
73.668281,398,2353.661625
101.576178,464,2354.438041
70.644807,465,2354.981259
0.51076,415,2355.483362
71.514495,360,2355.764281
47.417569,389,2356.142344
60.455882,402,2356.891671
62.742065,367,2357.195332
66.793547,1000,2358.607395
57.467257,548,2359.085925
71.022965,439,2359.798908
67.476394,334,2360.098569
81.821116,661,2360.776688
44.390217,417,2361.193544
58.109744,488,2362.145897
-80.342976,269,2362.372899
52.362174,802,2363.555305
89.485883,356,2363.908566
103.242266,1000,2365.437477
38.906281,1000,2367.143411
87.517837,393,2367.531373
112.985391,1000,2369.32124
89.605304,374,2369.681764
48.568945,428,2370.020854
76.922155,422,2370.772063
-88.093126,290,2371.003331
93.023957,1000,2371.995481
60.483114,420,2372.406025
29.973855,388,2373.063477
68.012962,1000,2374.765174
99.285971,1000,2376.952283
66.477323,417,2377.38989
108.483245,421,2377.745712
103.675757,411,2378.161955
83.166037,351,2378.501541
91.39543,311,2378.734337
77.841397,388,2379.476772
54.744755,441,2380.008905
67.114332,414,2380.477053
68.111349,457,2380.992612
87.851598,435,2381.754071
45.430683,733,2382.768095
113.006097,301,2383.009624
-86.603478,355,2383.347466
55.517794,412,2383.780009
-40.152973,360,2384.319257
125.814237,380,2384.702914
79.059665,431,2385.198206
102.014383,390,2385.541514
139.935594,373,2385.952824
52.816492,567,2387.000131
77.039198,409,2387.477505
86.718658,414,2387.905983
40.355691,460,2388.383542
49.074002,369,2388.704479
99.963785,325,2389.274473
113.007355,365,2389.620909
67.3168,320,2389.913635
133.122013,444,2390.309382
45.155167,1000,2391.92138
118.559962,387,2392.323303
-75.451067,352,2392.649395
100.10813,326,2392.904364
105.691514,325,2393.152269
38.754037,350,2393.453887
100.191463,435,2394.148446
105.654492,391,2394.529838
78.219464,386,2394.908072
54.451425,515,2395.635632
118.798514,409,2396.267787
114.30894,1000,2397.871398
56.355526,1000,2400.153912
59.408866,472,2400.652787
74.25314,414,2401.109985
105.804813,394,2401.519327
103.248725,311,2401.840601
75.452085,440,2402.2664
65.001223,433,2403.009599
48.852572,407,2403.442215
-9.728443,237,2403.623567
25.623143,475,2404.010005
101.281104,536,2404.798052
97.609022,335,2405.059558
107.175575,327,2405.350379
109.862933,334,2405.651608
-7.144848,456,2406.110593
92.109704,424,2406.486951
94.299173,369,2407.140155
81.75615,364,2407.468993
96.240156,419,2407.892493
29.279394,419,2408.367837
59.172847,582,2408.997366
82.776664,837,2410.417238
87.415967,417,2410.904073
42.343652,1000,2412.903245
98.115787,430,2413.32029
107.198178,373,2413.70546
82.684349,417,2414.1855
98.010668,640,2414.935254
-25.147874,311,2415.465377
99.45219,1000,2416.961331
18.52173,443,2417.340818
70.000103,492,2418.260394
70.914179,404,2418.645774
-107.050295,324,2418.931843
79.267364,1000,2420.657639
65.860978,1000,2422.42929
95.689521,408,2422.828451
81.005698,445,2423.251471
77.129729,394,2423.983019
91.308184,390,2424.328406
102.671708,370,2424.727471
14.255721,675,2425.52009
61.830427,459,2426.054287
38.443257,445,2426.859199
118.973181,434,2427.268617
-77.804327,274,2427.474099
57.933394,421,2427.890286
71.939204,694,2429.387265
64.129571,419,2429.748669
94.498474,387,2430.133117
4.465619,369,2430.550115
71.309528,373,2430.891471
92.523484,286,2431.14131
64.077705,1000,2433.168112
121.93933,383,2433.493842
57.266943,914,2435.11015
77.243313,1000,2436.788825
103.536391,391,2437.216052
121.42965,398,2437.513981
80.614965,1000,2439.245516
109.947426,347,2439.562803
25.292015,1000,2441.988793
64.24259,397,2442.435738
79.021074,366,2442.761517
61.499436,402,2443.230967
48.765882,494,2443.810113
93.992195,318,2444.318506
119.139934,367,2444.64486
72.872981,389,2445.076465
24.271994,1000,2446.864229
79.795523,412,2447.601506
114.72027,421,2447.939422
24.880951,1000,2449.376045
88.166147,412,2450.060134
109.834237,369,2450.419679
99.194544,338,2450.755833
67.374436,406,2451.166636
39.598707,368,2451.556417
-39.469799,407,2451.925198
58.219055,1000,2453.324925
-20.3176,223,2453.482432
94.200996,1000,2455.308705
79.356574,406,2455.700299
40.575412,466,2456.257469
36.632887,429,2456.789541
115.934434,452,2457.171235
88.294012,408,2457.909906
31.024814,420,2458.410123
46.947757,1000,2460.335253
100.508876,389,2460.722459
85.454785,461,2461.449031
-7.523957,1000,2462.933965
119.444254,461,2463.488513
94.190954,355,2464.028309
98.525505,467,2464.50674
-49.393133,248,2464.687797
86.544704,368,2465.016991
58.330567,1000,2466.472209
65.444304,1000,2467.435386
69.307886,392,2467.835445
82.940791,379,2468.254776
95.813244,429,2468.9496
70.869395,355,2469.267095
43.387427,391,2469.667497
95.634159,337,2469.995659
112.778642,383,2470.433352
56.936541,512,2471.400949
78.081878,399,2471.834847
-53.239929,268,2472.059744
44.206319,1000,2473.405828
73.117709,425,2474.207638
76.59671,368,2474.53774
64.957808,381,2474.919805
30.454938,472,2475.374189
31.967514,490,2476.055515
93.926171,389,2476.711699
104.433885,470,2477.163766
107.765574,368,2477.523074
43.782958,1000,2480.21204
74.882268,653,2481.005006
43.594217,867,2482.613545
123.669121,345,2482.904874
106.930961,575,2484.068517
94.059542,380,2484.507524
113.719307,764,2485.437553
103.46488,449,2486.181551
111.637866,375,2486.513961
6.453423,406,2486.953489
60.70815,423,2487.359648
80.730265,1000,2489.005751
28.221155,480,2489.482911
90.945448,496,2489.983764
-71.389506,331,2490.264808
84.086789,400,2490.660004
56.569642,401,2491.372089
100.498534,1000,2492.76534
121.180364,367,2493.140912
79.756564,346,2493.420586
114.207126,334,2493.955347
75.523882,365,2494.268067
-215.90896,438,2494.673276
70.908433,1000,2496.968617
-42.584836,360,2497.319074
40.544671,419,2497.785694
49.618371,431,2498.276908
-21.030049,279,2498.489819
85.687513,1000,2500.048225
137.127293,276,2500.249422
94.332567,440,2500.642171
120.738718,384,2501.037685
115.543516,347,2501.380062
128.345059,406,2501.954071
-43.041829,380,2502.260588
61.339221,365,2502.541863
37.378272,596,2503.267682
111.79085,420,2503.909123
111.320086,378,2504.238208
57.88627,384,2504.647653
103.321436,327,2504.983026
93.986094,285,2505.185011
-30.907346,422,2505.595405
6.576618,221,2505.762028
77.418087,1000,2507.550227
79.100317,1000,2509.154379
75.488058,372,2509.814933
45.289192,815,2511.066946
53.133903,403,2511.501824
88.693087,421,2511.834672
66.359609,316,2512.37025
76.187216,775,2513.419818
106.748649,333,2513.678817
79.52117,380,2514.018831
125.593461,363,2514.653933
128.316942,398,2515.06181
128.207552,433,2515.380633
-65.202427,361,2515.728777
87.95285,421,2516.126846
122.711879,331,2516.382809
103.772506,378,2517.016549
102.887575,405,2517.518137
122.034698,328,2517.812969
56.043975,419,2518.256961
146.199721,386,2518.657145
108.205342,445,2519.37543
83.962372,401,2519.751052
68.791206,383,2520.156096
38.828524,397,2520.61241
97.794687,406,2520.980418
70.481513,479,2521.856459
84.49869,393,2522.270699
79.41204,431,2522.722166
85.336975,350,2523.040973
83.33343,382,2523.402642
-57.670521,256,2523.868073
63.368927,1000,2525.183743
107.758668,444,2525.668083
124.437823,424,2526.173813
123.089285,467,2526.844804
137.147208,474,2527.229183
77.74551,413,2527.658325
87.352256,786,2528.509848
39.401091,727,2529.535409
90.579081,433,2529.940436
135.548613,346,2530.209634
83.984872,664,2531.294682
62.983864,391,2531.6691
65.451589,416,2532.04337
52.374036,397,2532.474202
94.596663,296,2532.730905
51.490423,428,2533.193791
87.288985,379,2533.824209
81.062385,424,2534.287523
88.426596,453,2534.749735
141.07728,317,2535.055525
126.737412,390,2535.456602
103.556212,341,2536.081402
69.690764,453,2536.596107
118.280742,445,2537.047288
75.412772,387,2537.44462
91.192842,391,2537.910537
131.415931,332,2538.478464
54.102226,397,2538.913812
123.649898,310,2539.195381
71.936338,383,2539.552213
79.815992,401,2540.031559
60.79791,401,2540.484173
64.356543,430,2541.139395
139.669866,291,2541.373651
147.094108,298,2541.587642
46.96702,417,2542.033594
51.071031,407,2542.544458
14.414274,1000,2544.322242
119.586294,304,2544.642786
54.327444,573,2545.266639
47.618996,1000,2547.687801
48.168406,623,2548.458499
103.374058,341,2548.779666
62.936481,1000,2550.390759
124.379857,320,2550.660978
99.543964,361,2550.979542
69.032098,456,2551.32438
85.958619,416,2552.026244
93.230141,429,2552.444139
55.601921,468,2552.922958
106.150267,368,2553.324388
62.181055,409,2553.752285
100.870761,413,2554.488528
73.085626,391,2554.875234
96.822674,452,2555.417923
58.009418,825,2556.726578
90.818452,363,2557.373595
94.642638,381,2557.752015
153.565981,276,2557.957114
80.108486,379,2558.389561
82.388769,359,2558.71656
79.643657,847,2560.328821
61.681267,399,2560.741292
90.586167,510,2561.427366
91.162969,553,2562.246372
142.823848,271,2562.446886
88.549134,407,2563.171694
131.563626,350,2563.455839
109.236909,774,2564.178148
114.874516,391,2564.471176
132.464425,305,2565.055132
57.948725,396,2565.49212
134.771348,310,2565.75361
54.317108,1000,2566.934379
102.887961,415,2567.623784
80.693272,384,2568.04668
80.464871,528,2568.567365
90.204665,406,2569.023651
60.109486,1000,2570.839395
84.935528,434,2571.267694
124.050605,417,2571.609914
61.470507,1000,2573.367184
51.497701,559,2574.096749
135.475175,292,2574.325602
59.824954,1000,2575.677988
82.596606,1000,2577.056812
163.244567,277,2577.258915
95.207092,388,2577.695865
155.332566,261,2577.900726
74.6886,1000,2579.228003
102.935799,432,2579.749848
102.42679,367,2580.088247
146.608943,302,2580.340621
58.066139,407,2580.981311
146.984258,325,2581.250992
124.226051,329,2581.516347
73.379815,398,2581.95842
115.801817,496,2582.744448
115.550348,360,2583.306124
88.658872,377,2583.719802
92.049384,410,2584.160527
71.690063,424,2584.63207
89.594179,362,2585.033291
111.219603,362,2585.632358
112.009899,338,2585.900208
86.085604,390,2586.246624
106.581924,421,2586.659117
47.461631,1000,2588.552999
73.556786,380,2588.965494
142.250257,315,2589.261672
76.092178,387,2589.667794
67.490127,400,2590.077763
-1.696555,460,2590.871754
99.32485,354,2591.251617
110.171546,1000,2592.240348
51.034357,393,2592.629056
130.63973,305,2593.150252
11.280012,649,2594.177825
122.286406,312,2594.429745
91.716044,371,2594.76686
128.70725,361,2595.137443
133.318887,292,2595.666454
93.440196,909,2596.860876
95.335074,366,2597.263423
47.231846,392,2597.708674
-79.94346,345,2598.286921
78.928689,388,2598.650991
150.503538,249,2598.852847
74.830658,359,2599.192801
49.495684,1000,2600.733461
111.036343,368,2613.26853
149.339022,284,2618.016655
143.857052,310,2618.260263
108.774894,308,2618.540532
73.40785,382,2618.906326
88.566986,374,2619.242638
68.206117,383,2619.579186
77.677097,405,2620.248964
112.156655,338,2620.548417
33.101937,1000,2622.069292
145.469776,293,2622.302654
83.687985,361,2622.928453
102.500276,399,2623.288689
61.849006,456,2623.783282
50.055361,418,2624.16674
122.660303,322,2624.455031
102.182489,332,2625.058935
102.275701,1000,2626.317825
40.725003,1000,2628.198896
47.848187,1000,2629.404708
31.027966,772,2630.244397
84.545012,372,2630.922212
-50.629308,299,2631.186124
79.106022,1000,2632.349381
103.221922,405,2632.691847
100.230092,409,2633.359059
80.882799,386,2633.736193
79.780018,433,2634.258175
62.106823,379,2634.614714
70.244513,406,2635.031456
147.637816,271,2635.540149
112.440042,289,2635.812351
110.359883,311,2636.089268
-31.976381,286,2636.343096
112.32795,398,2636.65754
41.148669,367,2637.068066
120.719623,335,2637.619428
31.128859,1000,2639.598319
94.668937,1000,2641.17179
73.319861,379,2641.535321
83.481616,379,2641.959036
102.955627,365,2642.306387
64.443833,378,2642.691371
101.80309,315,2642.954806
91.13739,365,2643.668111
96.255925,905,2644.967139
117.128172,336,2645.260884
143.800261,298,2645.502661
115.106519,394,2646.081386
61.662568,368,2646.452001
88.786877,376,2646.773775
-7.696385,941,2649.101128
118.168062,330,2649.716658
115.421739,427,2650.10148
81.328411,1000,2651.779806
92.773345,444,2652.225743
114.547091,417,2652.919134
93.31455,1000,2654.452187
115.647498,313,2654.729782
99.315546,409,2655.129766
83.120728,1000,2657.152739
69.797966,1000,2658.854355
31.180028,579,2659.725423
92.019561,352,2660.04116
93.229533,426,2660.511467
123.306949,302,2660.808823
81.891202,374,2661.167158
62.302636,1000,2663.105938
126.695065,394,2663.415246
-66.941554,342,2663.733271
99.253193,339,2664.057655
84.027708,1000,2666.033979
100.796467,332,2666.291722
77.825161,388,2666.736686
125.856666,390,2667.06463
105.435149,426,2667.764163
116.377258,384,2668.17713
109.657307,387,2668.504853
73.905895,394,2668.892258
101.36623,462,2669.303903
81.795797,371,2669.970468
80.856946,393,2670.387985
81.364888,366,2670.722242
84.028197,1000,2672.463876
98.285749,746,2673.699102
69.819069,377,2674.077276
79.596941,386,2674.409758
140.66154,303,2674.692547
-73.106199,370,2675.298853
116.161873,408,2675.721661
92.748001,459,2676.250176
66.623432,994,2677.972831
84.506842,1000,2679.209113
125.647446,375,2679.557192
100.086488,386,2679.865668
78.087411,378,2680.589893
85.081179,470,2681.15881
120.723444,309,2681.396141
77.426371,373,2681.752485
136.035934,325,2682.046165
70.953124,402,2682.430082
71.854102,365,2683.11531
90.513358,363,2683.4861
123.620253,393,2683.886709
71.180271,368,2684.248417
128.761149,333,2684.593346
92.633122,357,2685.246988
44.475129,480,2685.720927
86.863612,494,2686.42505
73.027203,372,2686.801835
130.581874,400,2687.09053
69.940635,438,2687.788981
74.735685,425,2688.284191
71.750809,1000,2689.551009
75.71607,366,2689.968623
122.783071,307,2690.504577
50.724557,393,2690.944009
107.479196,405,2691.245628
100.687348,374,2691.573168
95.015828,551,2692.064777
102.050714,366,2692.712803
66.311917,432,2693.114736
71.849992,442,2693.623698
29.618217,397,2693.990007
-1.139698,872,2695.401032
142.215087,273,2695.650446
99.084178,349,2695.959775
99.440699,372,2696.369794
128.722845,316,2696.606699
65.131911,403,2697.299459
63.267864,390,2697.707772
106.402247,351,2698.095945
100.494072,1000,2699.100011
127.651643,318,2699.6301
91.92954,340,2699.937842
76.951349,732,2701.034369
73.096944,379,2701.375606
56.267672,411,2701.787489
71.211372,388,2702.455469
89.476304,385,2702.750654
107.987828,456,2703.111451
92.720346,391,2703.471404
86.378184,410,2703.818173
136.587333,306,2704.374576
68.114959,341,2704.707191
101.093694,363,2705.076746
58.436583,379,2705.432394
113.431542,440,2705.844888
59.820899,380,2706.414764
103.036704,427,2706.824669
96.074976,1000,2708.645263
73.894347,397,2709.058453
127.565621,392,2709.680448
103.888154,318,2709.948053
40.393299,400,2710.349175
140.176233,253,2710.547564
94.456345,448,2710.975153
79.356319,346,2711.315704
142.488055,264,2711.788564
82.285424,555,2712.449458
89.196678,365,2712.805692
124.278666,344,2713.101015
67.232786,361,2713.425147
99.643223,361,2714.050511
90.269966,419,2714.44066
71.64757,397,2714.871178
77.548183,393,2715.194827
113.302998,342,2715.449408
85.820339,540,2716.276928
83.154815,370,2716.658346
135.985221,376,2717.03389
121.188591,358,2717.370266
110.765601,336,2717.646819
137.168657,290,2717.863237
68.887185,439,2718.675906
109.936523,391,2719.053239
69.87605,1000,2720.671747
85.005143,370,2721.005506
134.932084,352,2721.606867
106.263704,392,2721.930749
54.376277,1000,2723.487209
110.824651,341,2724.069612
39.958737,1000,2726.140225
61.101915,391,2726.574998
109.127833,1000,2728.133245
105.916888,349,2728.491611
66.340089,385,2728.904124
126.807765,366,2729.239097
91.432058,610,2730.290677
62.234953,388,2730.682591
91.999645,455,2731.166811
25.807334,477,2731.720375
103.918602,1000,2733.140784
95.997979,426,2733.603393
93.05493,730,2734.833643
63.734578,373,2735.232071
68.159593,374,2735.943115
104.896522,374,2736.285831
81.288774,421,2736.690973
65.846548,391,2737.159245
105.224666,414,2737.561278
101.536076,376,2738.174089
98.266463,331,2738.495651
114.32446,344,2738.810037
78.795031,358,2739.196255
8.59568,219,2739.359823
101.112886,332,2739.636719
62.163422,387,2740.31282
105.131639,360,2740.642483
68.229219,386,2741.007637
120.592965,317,2741.253254
92.177052,381,2741.677994
110.686635,370,2741.984519
103.292536,333,2742.554196
128.825482,287,2742.774912
133.383325,345,2743.075266
143.306663,866,2743.935103
115.922058,370,2744.247149
84.296171,394,2744.965015
85.812045,1000,2746.178155
134.136765,288,2746.386846
100.941448,390,2746.768511
84.780255,398,2747.537688
96.47555,357,2747.87042
139.334709,413,2748.232868
104.16843,419,2748.731869
128.583388,297,2749.006919
121.653598,305,2749.579586
126.487144,294,2749.807071
128.659093,276,2750.02421
140.620509,343,2750.318239
93.288929,430,2750.830712
61.673007,1000,2752.649546
104.600731,375,2752.977581
98.322613,399,2753.389637
81.5583,1000,2754.710894
137.216993,342,2755.068019
122.765449,346,2755.355891
71.741311,429,2755.847129
104.74351,334,2756.142628
33.912218,414,2756.54317
53.304552,406,2757.264273
110.885132,1000,2758.602639
101.206956,304,2758.822935
116.258097,399,2759.158819
123.684815,359,2759.830463
117.08496,412,2760.23092
140.10644,287,2760.491668
91.848582,348,2760.812004
103.389353,841,2762.15408
89.636889,349,2762.499807
51.709389,425,2762.938231
121.835274,297,2763.200428
65.047306,715,2763.883853
71.469428,381,2764.566086
76.755494,1000,2765.837517
123.039785,331,2766.153984
65.946819,931,2767.530136
86.98072,454,2767.984313
85.795455,352,2768.262653
126.772046,290,2768.508177
86.847188,342,2768.801458
76.498035,435,2769.586704
137.269566,238,2769.764168
76.270453,510,2770.304483
98.489819,337,2770.572396
68.445432,384,2770.962126
94.891006,348,2771.596914
118.284282,387,2771.961369
105.316581,379,2772.278271
117.029922,350,2772.615912
113.899647,1000,2774.116481
136.579374,319,2774.396876
84.890034,381,2774.752872
102.18162,1000,2776.725797
120.061725,332,2777.332313
86.858296,363,2777.735922
84.380384,451,2778.172927
137.746008,319,2778.415045
111.255016,458,2778.80693
111.530176,1000,2780.18169
122.060002,373,2780.486663
68.586283,1000,2782.92257
139.435313,291,2783.186709
63.082474,404,2783.612729
105.777135,327,2783.91748
144.59462,273,2784.166036
148.001078,280,2784.384089
133.941689,299,2784.627883
119.187976,353,2785.229003
87.781161,419,2785.570248
47.939036,793,2786.733703
122.80437,314,2787.000801
87.067728,428,2787.701507
48.081459,633,2788.638948
118.019799,1000,2790.002845
18.262573,629,2791.347587
61.644959,393,2791.77678
102.588743,329,2792.086978
87.131252,367,2792.523413
111.395097,329,2792.84608
97.512732,337,2793.444734
99.084776,380,2793.854944
97.683567,1000,2795.126692
46.249575,1000,2796.977991
-50.824743,285,2797.215412
63.523086,587,2798.180638
105.264569,1000,2800.406887
125.386494,324,2800.669993
-24.56613,263,2800.870872
54.50061,533,2801.587901
90.270087,383,2801.941091
112.375674,414,2802.618466
109.256658,366,2803.019928
145.548113,313,2803.305878
93.800179,350,2803.637209
102.596709,395,2804.041555
101.706267,333,2804.393277
132.306264,288,2804.910553
71.199268,429,2805.371051
72.063549,369,2805.711571
149.94022,296,2805.914938
84.969696,361,2806.276041
126.166537,307,2806.58848
43.976157,1000,2808.928373
99.61869,1000,2810.705838
56.965303,746,2811.999422
76.455507,372,2812.383247
123.971778,265,2812.607717
145.509373,315,2812.880842
110.195183,326,2813.217242
127.128379,370,2813.823269
94.77862,448,2814.393278
62.881164,370,2814.728166
92.662078,1000,2815.843419
77.082708,408,2816.645113
136.476761,583,2817.161688
120.966826,317,2817.470961
138.039745,346,2817.7622
133.705366,455,2818.109324
99.776729,335,2818.707223
95.102072,1000,2820.349723
-4.28809,220,2820.498516
61.91945,412,2820.917469
146.687319,258,2821.448793
137.576311,1000,2822.467392
71.909355,370,2822.816256
127.177671,329,2823.10647
109.183624,349,2823.751427
137.899323,313,2824.098665
118.575702,351,2824.42136
88.468583,332,2824.771514
113.362449,343,2825.022378
115.162157,330,2825.302512
115.754228,324,2825.880378
61.025108,398,2826.311498
83.364614,350,2826.664199
105.286873,579,2827.417042
104.936885,309,2827.69351
134.080184,275,2837.453079
