gev_tdlam_before,optimgain,EpRewMean,ev_tdlam_before,GEpLenMean,Iteration,GEpRewMean,gmeankl,surrgain,entloss,gsurrgain,entropy,gentloss,EpLenMean,trial,TimeElapsed,meankl,gentropy,goptimgain
-0.0016728639602661133,0.040234447,-2.05,-0.08712255954742432,6.9,1,-2.05,0.0060721086,0.040234447,0.0,0.03354369,1.6040142,0.0,7.8,0,1.919489860534668,0.005670252,1.6035107,0.03354369
-0.13728654384613037,0.037776753,-2.0,-0.31310999393463135,8.05,2,-2.0,0.010033899,0.037776753,0.0,0.037607446,1.5995238,0.0,8.375,0,3.313480854034424,0.010549296,1.5996894,0.037607446
0.0753629207611084,0.03873739,-1.675,-0.15588271617889404,6.3,3,-1.675,0.01384761,0.03873739,0.0,0.039335422,1.5974112,0.0,6.725,0,4.780284881591797,0.012826503,1.5962403,0.039335422
-0.6433711051940918,0.036608294,-1.45,-0.10886955261230469,5.625,4,-1.45,0.0145286005,0.036608294,0.0,0.042267837,1.5958279,0.0,6.625,0,6.291985034942627,0.014601768,1.5954533,0.042267837
-0.24083805084228516,0.029731166,-1.575,-0.3948845863342285,6.55,5,-1.575,0.0150687285,0.029731166,0.0,0.037329502,1.5956829,0.0,6.45,0,7.907490968704224,0.0147722745,1.5949794,0.037329502
-0.27801764011383057,0.040623702,-1.85,-0.2306361198425293,7.55,6,-1.85,0.016351243,0.040623702,0.0,0.02814285,1.5954161,0.0,5.925,0,9.546977043151855,0.015068334,1.5936587,0.02814285
-0.263954758644104,0.042683497,-1.5,-0.17537200450897217,6.175,7,-1.5,0.015275465,0.042683497,0.0,0.029018423,1.5955993,0.0,5.075,0,11.133424043655396,0.014840187,1.5948141,0.029018423
-0.3188716173171997,0.033662528,-1.7,-0.07642102241516113,6.25,8,-1.7,0.014832837,0.033662528,0.0,0.041785378,1.5950303,0.0,4.425,0,12.70485806465149,0.015524767,1.5951567,0.041785378
-0.03279685974121094,0.042139784,-1.4,0.03888291120529175,7.0,9,-1.4,0.012843354,0.042139784,0.0,0.038513508,1.5950197,0.0,5.35,0,14.255908966064453,0.015521902,1.5970726,0.038513508
-0.054895758628845215,0.03806801,-1.55,-0.14563655853271484,8.5,10,-1.55,0.014616005,0.03806801,0.0,0.03563617,1.5951023,0.0,5.875,0,15.854159116744995,0.015421027,1.5954591,0.03563617
-0.26039791107177734,0.038432136,-1.575,-0.046053171157836914,5.175,11,-1.575,0.0149695,0.038432136,0.0,0.04239786,1.5951092,0.0,6.775,0,17.44672393798828,0.015432427,1.5950196,0.04239786
-0.06314575672149658,0.042399988,-1.625,0.00919961929321289,7.875,12,-1.625,0.012563577,0.042399988,0.0,0.046858147,1.5952421,0.0,9.475,0,19.005504846572876,0.015273415,1.5973927,0.046858147
-0.31999802589416504,0.049308702,-1.55,-0.05939459800720215,5.575,13,-1.55,0.01494385,0.049308702,0.0,0.04793293,1.5950822,0.0,5.475,0,20.596629858016968,0.015478056,1.5951549,0.04793293
-0.1687253713607788,0.037452668,-1.625,-0.057530879974365234,6.325,14,-1.625,0.014996221,0.037452668,0.0,0.035576973,1.5952915,0.0,7.45,0,22.230638027191162,0.015182277,1.5951705,0.035576973
-0.11290526390075684,0.03653384,-1.75,-0.14310753345489502,6.1,15,-1.75,0.016137877,0.03653384,0.0,0.03919029,1.5950928,0.0,5.725,0,23.911375999450684,0.01544155,1.594109,0.03919029
-0.3793141841888428,0.046549946,-1.65,-0.08815371990203857,5.475,16,-1.65,0.014646267,0.046549946,0.0,0.046885073,1.5950744,0.0,6.4,0,25.488871812820435,0.015479919,1.5954845,0.046885073
-0.012789487838745117,0.039222468,-1.9,-0.10967302322387695,6.775,17,-1.9,0.015996858,0.039222468,0.0,0.041844625,1.5954262,0.0,8.0,0,27.130555152893066,0.015067342,1.5941391,0.041844625
-0.2073686122894287,0.038895935,-1.325,-0.008141279220581055,8.075,18,-1.325,0.016510284,0.038895935,0.0,0.038064994,1.5951762,0.0,5.575,0,28.77604079246521,0.015314396,1.5936434,0.038064994
-0.05583786964416504,0.029475812,-1.55,-0.06709897518157959,7.8,19,-1.55,0.015108148,0.029475812,0.0,0.04839484,1.5951576,0.0,5.975,0,30.561584949493408,0.015360123,1.5949073,0.04839484
-0.2410578727722168,0.03039056,-1.525,-0.19468367099761963,6.1,20,-1.525,0.015072186,0.03039056,0.0,0.031073704,1.5952437,0.0,8.05,0,32.356579065322876,0.015241467,1.5950162,0.031073704
-0.1401510238647461,0.04154195,-1.75,-0.015542864799499512,5.8,21,-1.75,0.016602213,0.04154195,0.0,0.035898685,1.5950543,0.0,8.75,0,34.12437176704407,0.0155107435,1.5935856,0.035898685
-0.04616248607635498,0.030307345,-1.725,0.06680256128311157,5.9,22,-1.725,0.016068323,0.030307345,0.0,0.04890649,1.5952795,0.0,9.475,0,35.82360911369324,0.01523097,1.5941236,0.04890649
-0.13875818252563477,0.030283138,-1.45,-0.1189495325088501,7.375,23,-1.45,0.016920734,0.030283138,0.0,0.0405698,1.595047,0.0,4.75,0,37.47994589805603,0.015499965,1.5932002,0.0405698
-0.10880792140960693,0.037948363,-1.475,0.03276336193084717,5.35,24,-1.475,0.014585964,0.037948363,0.0,0.044121686,1.5952227,0.0,7.6,0,39.05517888069153,0.015302923,1.5955652,0.044121686
-0.1667097806930542,0.030226463,-1.5,-0.1199411153793335,7.275,25,-1.5,0.017123356,0.030226463,0.0,0.04503666,1.5952355,0.0,6.525,0,40.6925208568573,0.015267315,1.5930392,0.04503666
-0.21528923511505127,0.042287104,-1.9,-0.15265917778015137,7.3,26,-1.9,0.018276982,0.042287104,0.0,0.031516403,1.5952132,0.0,7.375,0,42.331772804260254,0.015323162,1.5920999,0.031516403
-0.010125041007995605,0.0400957,-1.525,-0.01975083351135254,7.1,27,-1.525,0.01617426,0.0400957,0.0,0.046290167,1.5948248,0.0,6.725,0,43.96486282348633,0.015747558,1.5940136,0.046290167
-0.3130824565887451,0.03714706,-1.875,-0.17046761512756348,7.075,28,-1.875,0.017721327,0.03714706,0.0,0.037450537,1.5952644,0.0,8.925,0,45.597127199172974,0.015285606,1.5926381,0.037450537
-0.18980872631072998,0.034498833,-2.1,0.06747061014175415,6.6,29,-2.1,0.017091557,0.034498833,0.0,0.040172823,1.594989,0.0,7.775,0,47.2144079208374,0.015568641,1.5931839,0.040172823
-0.1357741355895996,0.033486724,-1.525,-0.15169000625610352,8.025,30,-1.525,0.014901619,0.033486724,0.0,0.04505115,1.5954626,0.0,7.2,0,48.786880016326904,0.01501119,1.5952526,0.04505115
-0.0247347354888916,0.043324642,-1.425,-0.15058743953704834,4.475,31,-1.425,0.018820204,0.043324642,0.0,0.031688306,1.5954192,0.0,7.225,0,50.431142807006836,0.015009645,1.5915418,0.031688306
-0.09580063819885254,0.038797464,-1.675,-0.07284331321716309,5.925,32,-1.675,0.018510358,0.038797464,0.0,0.04100821,1.5950518,0.0,6.625,0,52.05938506126404,0.015473204,1.5920131,0.04100821
-0.1266087293624878,0.039742425,-1.6,-0.19461274147033691,8.675,33,-1.6,0.019204395,0.039742425,0.0,0.039568163,1.5950446,0.0,7.35,0,53.722816944122314,0.0155032715,1.5913347,0.039568163
-0.3494839668273926,0.039260246,-1.725,-0.1560516357421875,6.925,34,-1.725,0.018862452,0.039260246,0.0,0.04219602,1.595325,0.0,7.1,0,55.36800408363342,0.015162963,1.5915424,0.04219602
-0.2018510103225708,0.04032196,-1.65,-0.02539360523223877,5.825,35,-1.65,0.02340148,0.04032196,0.0,0.043868456,1.5953846,0.0,6.5,0,57.05539298057556,0.015114494,1.5875144,0.043868456
-0.15348398685455322,0.034132205,-1.35,-0.1532149314880371,5.2,36,-1.35,0.017615002,0.034132205,0.0,0.052331626,1.5950835,0.0,6.4,0,58.69080901145935,0.015395334,1.5925969,0.052331626
0.08555746078491211,0.0422611,-1.7,-0.08856499195098877,5.95,37,-1.7,0.018705413,0.0422611,0.0,0.05764453,1.594939,0.0,6.675,0,60.30214810371399,0.015624339,1.5916882,0.05764453
-0.11766326427459717,0.03476128,-1.675,-0.17387747764587402,7.125,38,-1.675,0.018607926,0.03476128,0.0,0.04013429,1.5951425,0.0,6.6,0,61.917068004608154,0.015411532,1.5918517,0.04013429
-0.043082356452941895,0.033715405,-1.65,-0.09471237659454346,6.45,39,-1.65,0.018441485,0.033715405,0.0,0.034535624,1.5950547,0.0,7.15,0,63.54704308509827,0.015470361,1.5919987,0.034535624
-0.3658705949783325,0.035714597,-1.325,0.04280364513397217,6.125,40,-1.325,0.018707462,0.035714597,0.0,0.042484365,1.5953135,0.0,5.275,0,65.23254704475403,0.015169293,1.5916317,0.042484365
-0.06009650230407715,0.039740182,-1.925,0.016508936882019043,6.35,41,-1.925,0.018298067,0.039740182,0.0,0.05105071,1.5949522,0.0,8.0,0,66.87627387046814,0.015592572,1.5919998,0.05105071
0.07446187734603882,0.03576959,-1.5,-0.1393747329711914,7.725,42,-1.5,0.020024713,0.03576959,0.0,0.055825524,1.5948539,0.0,9.75,0,68.49548411369324,0.015671637,1.5904918,0.055825524
-0.026881814002990723,0.03773595,-1.375,-0.25118589401245117,7.625,43,-1.375,0.01860281,0.03773595,0.0,0.042467535,1.5953292,0.0,5.175,0,70.12152481079102,0.015180834,1.5917988,0.042467535
-0.17765867710113525,0.039127354,-1.125,-0.1861351728439331,7.075,44,-1.125,0.018144406,0.039127354,0.0,0.04109284,1.5950193,0.0,5.25,0,71.75331807136536,0.015528597,1.59223,0.04109284
-0.5456322431564331,0.02848794,-1.575,-0.10900497436523438,6.4,45,-1.575,0.019254025,0.02848794,0.0,0.033307336,1.5952201,0.0,8.15,0,73.38082814216614,0.015319832,1.5911932,0.033307336
-0.31443631649017334,0.036402583,-1.675,-0.15396654605865479,6.025,46,-1.675,0.017383913,0.036402583,0.0,0.044460192,1.595155,0.0,6.125,0,75.00909781455994,0.015345233,1.5929463,0.044460192
-0.0913095474243164,0.032006197,-1.875,-0.13290107250213623,6.6,47,-1.875,0.018457778,0.032006197,0.0,0.04104418,1.5951207,0.0,8.1,0,76.6343400478363,0.015392486,1.5919459,0.04104418
0.05323213338851929,0.043863654,-1.8,-0.012816429138183594,6.85,48,-1.8,0.019294897,0.043863654,0.0,0.04242874,1.5951402,0.0,8.8,0,78.27569603919983,0.015364759,1.5911627,0.04242874
-0.19603121280670166,0.03903906,-1.225,-0.11568701267242432,5.9,49,-1.225,0.01968742,0.03903906,0.0,0.05158189,1.5949962,0.0,4.55,0,79.89109301567078,0.015558784,1.5907027,0.05158189
-0.05832409858703613,0.030606838,-1.475,0.04740321636199951,6.025,50,-1.475,0.017751954,0.030606838,0.0,0.05252997,1.5951493,0.0,8.0,0,81.52635478973389,0.015368526,1.5925581,0.05252997
-0.0582197904586792,0.03274975,-1.975,-0.06050729751586914,7.375,51,-1.975,0.019295424,0.03274975,0.0,0.05712383,1.5950425,0.0,11.1,0,83.19133996963501,0.015476168,1.591183,0.05712383
0.0686081051826477,0.03501098,-1.55,-0.2336810827255249,7.225,52,-1.55,0.018415526,0.03501098,0.0,0.038837984,1.5952137,0.0,6.675,0,84.83697986602783,0.015305447,1.5919445,0.038837984
0.008287787437438965,0.046710122,-1.975,-0.1897139549255371,7.15,53,-1.975,0.018403845,0.046710122,0.0,0.04942525,1.5951804,0.0,6.475,0,86.47687602043152,0.015371451,1.5919163,0.04942525
-0.008831501007080078,0.03341141,-1.6,-0.025582075119018555,7.075,54,-1.6,nan,0.03341141,0.0,nan,1.5951891,nan,6.775,0,88.13790893554688,0.015353037,nan,nan
-0.09899866580963135,0.042205922,-1.8,-0.026119709014892578,4.75,55,-1.8,0.019037947,0.042205922,0.0,0.040482424,1.5949612,0.0,7.375,0,89.78291082382202,0.015612448,1.591346,0.040482424
-0.006029367446899414,0.043113586,-1.8,0.05576884746551514,5.125,56,-1.8,0.017845385,0.043113586,0.0,0.048384935,1.5952232,0.0,7.3,0,91.40399885177612,0.015252149,1.5925353,0.048384935
-0.07326173782348633,0.042681575,-1.375,-0.17040550708770752,8.075,57,-1.375,0.020842025,0.042681575,0.0,0.043956883,1.5952966,0.0,5.375,0,93.04433298110962,0.015206577,1.5896243,0.043956883
0.08720529079437256,0.043950144,-1.825,-0.16731572151184082,4.975,58,-1.825,0.019219287,0.043950144,0.0,0.037763625,1.5951538,0.0,7.85,0,94.70712900161743,0.015360283,1.5912304,0.037763625
-0.24379312992095947,0.035921417,-1.575,-0.2803025245666504,6.1,59,-1.575,0.018630324,0.035921417,0.0,0.03297256,1.5955094,0.0,5.125,0,96.31967091560364,0.014967697,1.5917853,0.03297256
-0.42806506156921387,0.045972794,-1.6,-0.030088067054748535,7.25,60,-1.6,0.0189239,0.045972794,0.0,0.03366916,1.5952734,0.0,6.2,0,97.955157995224,0.015221963,1.5916889,0.03366916
-0.0991356372833252,0.047640286,-1.55,-0.037036776542663574,6.7,61,-1.55,0.01972698,0.047640286,0.0,0.037541673,1.5952234,0.0,6.85,0,99.60303997993469,0.015298929,1.5907013,0.037541673
-0.2410794496536255,0.036005355,-1.6,-0.04361307621002197,5.825,62,-1.6,0.019677106,0.036005355,0.0,0.045151994,1.5952123,0.0,6.15,0,101.25235295295715,0.015312239,1.5908055,0.045151994
0.05262535810470581,0.038233645,-1.675,-0.04641401767730713,6.775,63,-1.675,0.019276148,0.038233645,0.0,0.04443647,1.5949962,0.0,7.8,0,102.89623379707336,0.015534598,1.5911251,0.04443647
-0.30183887481689453,0.031739645,-1.675,-0.00493621826171875,5.6,64,-1.675,0.019992417,0.031739645,0.0,0.041464314,1.5953356,0.0,7.55,0,104.49872779846191,0.015163731,1.5904827,0.041464314
0.0011530518531799316,0.044871967,-1.575,0.027179360389709473,6.475,65,-1.575,nan,0.044871967,0.0,nan,1.5951114,nan,6.3,0,106.13644480705261,0.015420995,nan,nan
-0.0347214937210083,0.04061196,-1.45,-0.11107730865478516,5.975,66,-1.45,0.020304594,0.04061196,0.0,0.046814397,1.5949657,0.0,6.75,0,107.78605198860168,0.015572165,1.5903112,0.046814397
-0.0024123191833496094,0.04304222,-1.55,-0.04669642448425293,6.975,67,-1.55,0.020090038,0.04304222,0.0,0.055931784,1.5949348,0.0,5.925,0,109.43615984916687,0.015618381,1.5904639,0.055931784
-0.05318188667297363,0.037735548,-1.875,-0.2187279462814331,5.25,68,-1.875,0.019361515,0.037735548,0.0,0.041712046,1.5950211,0.0,6.775,0,111.09817790985107,0.015499205,1.5910681,0.041712046
-0.0974740982055664,0.02904098,-1.775,0.038740456104278564,7.15,69,-1.775,0.02072131,0.02904098,0.0,0.049749415,1.5950317,0.0,10.125,0,112.85020780563354,0.015459237,1.589932,0.049749415
-0.13089466094970703,0.031510025,-1.5,-0.3090517520904541,7.175,70,-1.5,0.020826444,0.031510025,0.0,0.04180405,1.5950352,0.0,6.8,0,114.65042090415955,0.01553892,1.589699,0.04180405
0.004596114158630371,0.042011254,-1.625,-0.0014570951461791992,5.825,71,-1.625,0.019338368,0.042011254,0.0,0.04576359,1.5950058,0.0,6.15,0,116.3797709941864,0.015502756,1.5911996,0.04576359
-0.09674286842346191,0.033094086,-1.8,-0.019104838371276855,5.775,72,-1.8,0.017795634,0.033094086,0.0,0.046910524,1.5954502,0.0,7.45,0,118.0816559791565,0.015013261,1.5925896,0.046910524
-0.11177968978881836,0.037842855,-1.45,-0.10399973392486572,7.25,73,-1.45,0.017661829,0.037842855,0.0,0.040952258,1.5954461,0.0,8.125,0,119.96208882331848,0.014999412,1.5925977,0.040952258
-0.05037558078765869,0.03200014,-1.625,-0.09229671955108643,7.175,74,-1.625,0.017758984,0.03200014,0.0,0.038825482,1.5952058,0.0,5.9,0,121.6018180847168,0.015329146,1.5925838,0.038825482
-0.07490694522857666,0.04061017,-1.725,-0.011877179145812988,6.55,75,-1.725,0.019855686,0.04061017,0.0,0.034646742,1.5951636,0.0,7.825,0,123.25419092178345,0.015334334,1.5907265,0.034646742
-0.04438638687133789,0.037471395,-1.525,0.10206305980682373,3.575,76,-1.525,0.017076295,0.037471395,0.0,0.03921147,1.5952822,0.0,4.1,0,125.11383175849915,0.015217169,1.593155,0.03921147
-0.007445096969604492,0.032694697,-1.5,0.061146318912506104,6.275,77,-1.5,0.016723158,0.032694697,0.0,0.032294016,1.5950891,0.0,7.125,0,126.93039512634277,0.015414994,1.5934466,0.032294016
-0.3378387689590454,0.030735072,-1.875,-0.2771950960159302,5.35,78,-1.875,0.019395597,0.030735072,0.0,0.03536544,1.5950724,0.0,7.975,0,128.6651349067688,0.015433768,1.5911167,0.03536544
-0.3186805248260498,0.031838886,-1.6,-0.029560327529907227,6.2,79,-1.6,0.018410768,0.031838886,0.0,0.042363822,1.5951539,0.0,6.475,0,130.34809374809265,0.015393583,1.5920304,0.042363822
-0.36243176460266113,0.02950399,-1.625,0.03676164150238037,5.35,80,-1.625,0.021310877,0.02950399,0.0,0.04459949,1.5953121,0.0,7.2,0,132.04070687294006,0.015172413,1.5894091,0.04459949
-0.26178157329559326,0.0327119,-1.325,-0.0375523567199707,7.775,81,-1.325,0.018306855,0.0327119,0.0,0.03822977,1.5950559,0.0,5.275,0,133.72383499145508,0.015469922,1.5920674,0.03822977
-0.008116006851196289,0.040613726,-1.525,-0.07083559036254883,7.15,82,-1.525,0.020814579,0.040613726,0.0,0.05223235,1.5953014,0.0,6.225,0,135.3866310119629,0.0151771605,1.5897446,0.05223235
0.05107080936431885,0.036408454,-1.55,-0.06511998176574707,6.15,83,-1.55,0.019349908,0.036408454,0.0,0.04194373,1.5953958,0.0,6.75,0,137.03791880607605,0.015032739,1.5911078,0.04194373
0.04698401689529419,0.041582458,-1.8,-0.051421165466308594,5.625,84,-1.8,0.02073725,0.041582458,0.0,0.055915754,1.5950887,0.0,7.375,0,138.7164421081543,0.015476229,1.5898371,0.055915754
-0.05324661731719971,0.031226141,-0.975,-0.04672122001647949,7.4,85,-0.975,0.019699646,0.031226141,0.0,0.050234742,1.5952026,0.0,5.925,0,140.39114785194397,0.015288477,1.5908444,0.050234742
-0.02274155616760254,0.04007013,-2.0,-0.14393270015716553,8.575,86,-2.0,0.020835629,0.04007013,0.0,0.049636766,1.5952678,0.0,9.35,0,142.06425786018372,0.015240149,1.5897737,0.049636766
-0.08364677429199219,0.046245065,-1.5,-0.2604106664657593,5.175,87,-1.5,0.020454958,0.046245065,0.0,0.04213261,1.594856,0.0,6.125,0,143.7483639717102,0.015712908,1.5901256,0.04213261
-0.14082324504852295,0.035417173,-1.6,0.04523962736129761,7.2,88,-1.6,0.01868101,0.035417173,0.0,0.048480712,1.5948181,0.0,6.375,0,145.40501999855042,0.015759584,1.5917712,0.048480712
-0.08452057838439941,0.037976574,-1.425,-0.11482179164886475,7.35,89,-1.425,nan,0.037976574,0.0,nan,1.5952399,nan,6.275,0,147.08494591712952,0.015258018,nan,nan
-0.07610833644866943,0.043195143,-1.525,-0.06915628910064697,6.125,90,-1.525,0.018913068,0.043195143,0.0,0.05899048,1.5952922,0.0,6.95,0,148.76287984848022,0.015215178,1.5915381,0.05899048
-0.12812161445617676,0.034350075,-1.5,-0.024241209030151367,7.75,91,-1.5,0.019403365,0.034350075,0.0,0.047930747,1.5951608,0.0,7.05,0,150.43772411346436,0.015335469,1.591064,0.047930747
-0.1637132167816162,0.040845074,-2.15,-0.1814899444580078,4.85,92,-2.15,0.01821635,0.040845074,0.0,0.053631656,1.5952194,0.0,9.1,0,152.1127290725708,0.015264804,1.5921521,0.053631656
-0.07955217361450195,0.036918566,-1.375,-0.1063535213470459,7.8,93,-1.375,0.016941179,0.036918566,0.0,0.045614913,1.5950927,0.0,7.9,0,153.77286291122437,0.015459737,1.5933127,0.045614913
-0.0965108871459961,0.043531694,-1.6,-0.17498254776000977,6.3,94,-1.6,0.02139718,0.043531694,0.0,0.050720334,1.5949919,0.0,5.15,0,155.44675087928772,0.015567277,1.5891767,0.050720334
0.03435260057449341,0.0419036,-1.3,-0.04839348793029785,5.075,95,-1.3,0.018017408,0.0419036,0.0,0.041396685,1.5950447,0.0,4.375,0,157.25734996795654,0.015477696,1.5923336,0.041396685
-0.30828678607940674,0.040807772,-1.65,-0.10339879989624023,7.875,96,-1.65,0.018734042,0.040807772,0.0,0.05004166,1.5951467,0.0,5.8,0,158.94381403923035,0.01537057,1.5916679,0.05004166
-0.07173144817352295,0.040577266,-1.625,-0.13930737972259521,7.6,97,-1.625,0.020676434,0.040577266,0.0,0.051499806,1.595216,0.0,7.875,0,160.6621789932251,0.015267242,1.589989,0.051499806
-0.32333457469940186,0.035403475,-1.45,-0.0863180160522461,5.55,98,-1.45,0.019214911,0.035403475,0.0,0.045438662,1.5949655,0.0,7.025,0,162.3134949207306,0.015572934,1.591279,0.045438662
-0.0619128942489624,0.030706912,-1.5,-0.06613731384277344,6.375,99,-1.5,0.01835706,0.030706912,0.0,0.04145886,1.5952785,0.0,7.75,0,163.98402285575867,0.015198893,1.5921165,0.04145886
-0.00625455379486084,0.034368843,-1.475,-0.12302958965301514,8.025,100,-1.475,0.019610371,0.034368843,0.0,0.0324177,1.595315,0.0,6.8,0,165.6517617702484,0.015105993,1.5910165,0.0324177
-0.19438588619232178,0.03604942,-1.475,-0.018288493156433105,6.375,101,-1.475,0.017352436,0.03604942,0.0,0.033758357,1.5951824,0.0,5.45,0,167.3359169960022,0.015323698,1.5930239,0.033758357
-0.29505300521850586,0.03924771,-1.55,0.05433320999145508,8.225,102,-1.55,0.023374232,0.03924771,0.0,0.053111244,1.5949414,0.0,6.525,0,168.99356889724731,0.0155982515,1.5875059,0.053111244
0.026042282581329346,0.042883158,-1.65,0.027850210666656494,6.2,103,-1.65,0.019063504,0.042883158,0.0,0.03459412,1.5950352,0.0,8.2,0,170.67324304580688,0.015510747,1.5914156,0.03459412
-0.15329241752624512,0.03210534,-1.675,0.0257188081741333,7.5,104,-1.675,0.0182293,0.03210534,0.0,0.042894892,1.5953481,0.0,7.475,0,172.34233379364014,0.015141724,1.5921019,0.042894892
-0.04469621181488037,0.04150472,-1.55,-0.06961381435394287,5.55,105,-1.55,0.01783868,0.04150472,0.0,0.04329484,1.5950675,0.0,6.625,0,174.0816388130188,0.015425516,1.5924474,0.04329484
-0.09757030010223389,0.032460485,-1.7,-0.04951810836791992,5.6,106,-1.7,0.021947317,0.032460485,0.0,0.03136793,1.5953907,0.0,9.3,0,175.7622048854828,0.015078416,1.5886464,0.03136793
-0.2060244083404541,0.042156816,-1.475,-0.04356813430786133,6.4,107,-1.475,0.018297035,0.042156816,0.0,0.0503958,1.5952663,0.0,6.075,0,177.73185777664185,0.015233065,1.5920609,0.0503958
-0.16916358470916748,0.0391576,-1.425,0.00837695598602295,6.85,108,-1.425,0.014641566,0.0391576,0.0,0.04072444,1.5951265,0.0,5.25,0,179.811949968338,0.015391356,1.59537,0.04072444
-0.08842217922210693,0.04043813,-1.725,-0.13397789001464844,6.8,109,-1.725,0.018685468,0.04043813,0.0,0.040250957,1.5951524,0.0,6.325,0,181.62244486808777,0.015338956,1.5916281,0.040250957
-0.25150370597839355,0.03894283,-1.225,-0.11149847507476807,5.15,110,-1.225,0.016685281,0.03894283,0.0,0.044142023,1.5950605,0.0,5.1,0,183.4186098575592,0.015490709,1.5935222,0.044142023
0.0233381986618042,0.036357455,-1.425,0.03163492679595947,6.25,111,-1.425,0.016388834,0.036357455,0.0,0.041025303,1.595172,0.0,5.525,0,185.13020300865173,0.015357924,1.5937954,0.041025303
-0.13489162921905518,0.031008724,-1.0,-0.22510981559753418,4.825,112,-1.0,0.015869237,0.031008724,0.0,0.041665517,1.5948033,0.0,6.225,0,186.84392189979553,0.015798993,1.594284,0.041665517
-0.0869133472442627,0.045393582,-1.7,-0.06279706954956055,5.625,113,-1.7,0.016643215,0.045393582,0.0,0.024129232,1.5951166,0.0,7.15,0,188.56792378425598,0.015395784,1.5936261,0.024129232
-0.6454254388809204,0.03497371,-1.55,-0.025077104568481445,7.2,114,-1.55,0.014359551,0.03497371,0.0,0.036589168,1.5951796,0.0,4.525,0,190.2596559524536,0.015351626,1.5955129,0.036589168
-0.36620819568634033,0.04207783,-1.275,-0.020193815231323242,5.425,115,-1.275,0.016978417,0.04207783,0.0,0.043182224,1.5950718,0.0,6.2,0,192.20116710662842,0.015458135,1.5930436,0.043182224
-0.16332733631134033,0.035496652,-1.65,-0.17188453674316406,5.95,116,-1.65,0.017430175,0.035496652,0.0,0.054553185,1.5946116,0.0,7.675,0,193.93054103851318,0.016017778,1.5924293,0.054553185
-0.16456079483032227,0.042541884,-1.725,-0.11973035335540771,3.65,117,-1.725,0.014762761,0.042541884,0.0,0.04272272,1.5952806,0.0,7.375,0,195.54565906524658,0.015177981,1.5950656,0.04272272
-0.21755623817443848,0.032158837,-1.7,-0.08407580852508545,6.725,118,-1.7,0.014970148,0.032158837,0.0,0.041750453,1.595149,0.0,7.375,0,197.20952892303467,0.015359523,1.594912,0.041750453
-0.11122560501098633,0.044426627,-1.8,-0.009055018424987793,6.35,119,-1.8,0.015060544,0.044426627,0.0,0.03255964,1.5952113,0.0,7.15,0,198.98263502120972,0.015310874,1.5947251,0.03255964
-0.0988473892211914,0.037924603,-1.45,-0.014551043510437012,5.875,120,-1.45,0.017697066,0.037924603,0.0,0.04888615,1.5950758,0.0,7.875,0,200.81649613380432,0.015438419,1.5923846,0.04888615
-0.1694554090499878,0.05045612,-1.375,0.02159637212753296,6.6,121,-1.375,0.017053604,0.05045612,0.0,0.04175246,1.5953383,0.0,4.725,0,202.5302450656891,0.015098434,1.5928887,0.04175246
-0.039911508560180664,0.044135615,-1.625,-0.027040600776672363,7.9,122,-1.625,0.016730567,0.044135615,0.0,0.048322205,1.5951557,0.0,7.575,0,204.28156900405884,0.015352022,1.5932353,0.048322205
0.041168212890625,0.03524597,-1.825,0.0407748818397522,4.4,123,-1.825,0.016085543,0.03524597,0.0,0.04419612,1.5951803,0.0,7.6,0,206.01931381225586,0.015334861,1.593862,0.04419612
-0.34738433361053467,0.038672905,-1.425,-0.010900020599365234,4.325,124,-1.425,0.015569546,0.038672905,0.0,0.055005044,1.5947384,0.0,5.65,0,207.74601793289185,0.015855744,1.5942626,0.055005044
-0.3085285425186157,0.043239467,-1.625,0.0931859016418457,5.75,125,-1.625,0.01587107,0.043239467,0.0,0.03475213,1.5948408,0.0,7.35,0,209.48269295692444,0.01574393,1.5940058,0.03475213
-0.08735156059265137,0.040915992,-1.675,-0.08547711372375488,6.925,126,-1.675,0.0153230475,0.040915992,0.0,0.04099313,1.5952544,0.0,6.425,0,211.3134889602661,0.015234342,1.5944848,0.04099313
-0.05511879920959473,0.03358805,-1.425,-0.01188814640045166,6.425,127,-1.425,0.015764385,0.03358805,0.0,0.03956545,1.5950259,0.0,4.5,0,213.07985186576843,0.015483526,1.5942051,0.03956545
0.06332379579544067,0.03996655,-1.275,-0.1898057460784912,4.925,128,-1.275,0.015879758,0.03996655,0.0,0.04952863,1.5950962,0.0,7.7,0,214.82999897003174,0.015430458,1.5939744,0.04952863
-0.10708761215209961,0.03258249,-1.5,-0.04543960094451904,4.425,129,-1.5,0.01625118,0.03258249,0.0,0.047330406,1.594861,0.0,6.25,0,216.5457398891449,0.015721008,1.5937479,0.047330406
-0.11945450305938721,0.033624455,-1.325,0.052032649517059326,8.85,130,-1.325,0.01497389,0.033624455,0.0,0.03779432,1.5952389,0.0,6.575,0,218.23730993270874,0.015272365,1.5947871,0.03779432
-0.014072775840759277,0.032259,-1.4,-0.05366206169128418,7.3,131,-1.4,0.014839407,0.032259,0.0,0.045947704,1.5953567,0.0,6.075,0,219.91586875915527,0.01509926,1.5949514,0.045947704
-0.20964360237121582,0.031509135,-1.425,-0.03703510761260986,6.3,132,-1.425,0.016117176,0.031509135,0.0,0.04158764,1.5951124,0.0,4.625,0,221.638179063797,0.015419799,1.5937657,0.04158764
-0.28349757194519043,0.032479122,-1.5,-0.08733963966369629,6.9,133,-1.5,0.01848014,0.032479122,0.0,0.031609386,1.5951263,0.0,7.95,0,223.356281042099,0.015389256,1.5916433,0.031609386
-0.01976454257965088,0.041986547,-1.35,-0.03389906883239746,6.75,134,-1.35,0.015141167,0.041986547,0.0,0.043907944,1.5950675,0.0,6.975,0,225.0740249156952,0.015440896,1.5946726,0.043907944
-0.2513233423233032,0.03759885,-1.325,-0.0469517707824707,6.3,135,-1.325,0.017867232,0.03759885,0.0,0.03853872,1.5951765,0.0,7.125,0,226.72311902046204,0.015350273,1.5922639,0.03853872
0.021811366081237793,0.04176124,-1.575,-0.03036320209503174,6.55,136,-1.575,0.017345577,0.04176124,0.0,0.045729615,1.59516,0.0,6.225,0,228.36265802383423,0.015385458,1.5924662,0.045729615
-0.13122248649597168,0.02842493,-1.575,-0.08872497081756592,8.325,137,-1.575,0.015610363,0.02842493,0.0,0.043884777,1.5951518,0.0,6.325,0,230.03900408744812,0.015367899,1.5942397,0.043884777
0.05049324035644531,0.04138855,-1.5,0.0419161319732666,4.925,138,-1.5,0.017159507,0.04138855,0.0,0.043180496,1.595347,0.0,6.225,0,231.70551085472107,0.015128993,1.5927379,0.043180496
-0.07771694660186768,0.043215502,-1.725,-0.03641355037689209,6.35,139,-1.725,0.017929684,0.043215502,0.0,0.040723104,1.5949284,0.0,5.475,0,233.4660987854004,0.01557213,1.5921292,0.040723104
-0.018656134605407715,0.037277,-1.3,-0.23559224605560303,4.925,140,-1.3,0.015368208,0.037277,0.0,0.0344529,1.5951843,0.0,6.0,0,235.17834997177124,0.015320312,1.594563,0.0344529
-0.28946733474731445,0.043866348,-1.675,-0.010205745697021484,5.775,141,-1.675,0.016558452,0.043866348,0.0,0.038632832,1.5952458,0.0,5.2,0,236.93928909301758,0.015210102,1.5933154,0.038632832
-0.32816529273986816,0.03681031,-1.475,-0.07272589206695557,5.775,142,-1.475,0.016249236,0.03681031,0.0,0.044880934,1.5951313,0.0,7.15,0,238.74426794052124,0.015356494,1.5936153,0.044880934
-0.13084912300109863,0.04017631,-1.45,-0.005393266677856445,5.95,143,-1.45,0.018137565,0.04017631,0.0,0.05177742,1.5951532,0.0,6.875,0,240.7094419002533,0.0153264,1.5918875,0.05177742
-0.17834675312042236,0.047296796,-1.4,0.048741161823272705,6.6,144,-1.4,0.015050893,0.047296796,0.0,0.03168767,1.5948764,0.0,5.3,0,242.59016704559326,0.015679173,1.5947118,0.03168767
-0.12409734725952148,0.038700342,-1.45,-0.09283912181854248,6.775,145,-1.45,0.015951386,0.038700342,0.0,0.05162768,1.5951679,0.0,5.9,0,245.20020985603333,0.015334277,1.5938841,0.05162768
-0.22237491607666016,0.05097232,-1.975,-0.05509638786315918,6.65,146,-1.975,0.017649416,0.05097232,0.0,0.0412099,1.5952016,0.0,6.725,0,247.21691393852234,0.015309326,1.5923545,0.0412099
0.042009592056274414,0.037892736,-1.6,-0.10892844200134277,8.475,147,-1.6,0.01746248,0.037892736,0.0,0.045544036,1.5954188,0.0,6.125,0,249.17233395576477,0.0149987545,1.592581,0.045544036
-0.0507047176361084,0.037651762,-1.675,0.03586035966873169,5.15,148,-1.675,0.014817215,0.037651762,0.0,0.05350769,1.595349,0.0,6.425,0,251.13867378234863,0.015129343,1.5950197,0.05350769
-0.3921549320220947,0.045064114,-1.7,-0.12232589721679688,6.925,149,-1.7,0.016129112,0.045064114,0.0,0.032868132,1.5951546,0.0,6.4,0,252.9012987613678,0.0153635675,1.5937157,0.032868132
-0.2891089916229248,0.041678116,-1.675,-0.024599909782409668,6.875,150,-1.675,0.017274808,0.041678116,0.0,0.05093027,1.5951872,0.0,6.425,0,254.69431805610657,0.0153364055,1.5926067,0.05093027
-0.18614709377288818,0.03982084,-1.6,-0.10226213932037354,4.3,151,-1.6,0.015983418,0.03982084,0.0,0.043830454,1.5954034,0.0,6.3,0,256.51190996170044,0.015043932,1.5939987,0.043830454
-0.3294861316680908,0.030170467,-1.275,-0.19108903408050537,6.4,152,-1.275,0.01879089,0.030170467,0.0,0.038135666,1.5951422,0.0,6.35,0,258.30891394615173,0.015297843,1.5913371,0.038135666
-0.3249194622039795,0.03263434,-1.95,-0.08562946319580078,5.875,153,-1.95,0.018493704,0.03263434,0.0,0.048557717,1.5948205,0.0,7.725,0,260.2760307788849,0.015770061,1.5916934,0.048557717
-0.027167797088623047,0.03256357,-1.475,-0.24511194229125977,4.775,154,-1.475,0.016745774,0.03256357,0.0,0.05702267,1.5947537,0.0,6.9,0,262.06195974349976,0.015862,1.5930158,0.05702267
-0.11217379570007324,0.032220323,-1.325,0.1078484058380127,6.0,155,-1.325,0.017001076,0.032220323,0.0,0.037700996,1.5952449,0.0,4.675,0,263.90817308425903,0.015246936,1.5929582,0.037700996
-0.14348673820495605,0.03954279,-1.525,0.06300348043441772,6.275,156,-1.525,0.017539952,0.03954279,0.0,0.061274987,1.595182,0.0,6.075,0,265.7330527305603,0.015326116,1.5924258,0.061274987
-0.019053936004638672,0.04125967,-1.45,-0.17965853214263916,5.1,157,-1.45,0.01701573,0.04125967,0.0,0.043889396,1.5949862,0.0,6.65,0,267.54093313217163,0.015575812,1.5929031,0.043889396
0.004464924335479736,0.04111798,-1.75,-0.05401182174682617,5.6,158,-1.75,0.0170568,0.04111798,0.0,0.04701435,1.5951511,0.0,7.05,0,269.3534150123596,0.015382117,1.592937,0.04701435
-0.1444535255432129,0.051223032,-1.775,-0.08609628677368164,4.675,159,-1.775,0.017139608,0.051223032,0.0,0.03964565,1.5951482,0.0,6.6,0,271.23635506629944,0.015400473,1.59272,0.03964565
-0.18092215061187744,0.024797853,-1.55,-0.015312433242797852,6.45,160,-1.55,0.019170623,0.024797853,0.0,0.05315592,1.5953696,0.0,7.4,0,273.03122878074646,0.015090888,1.5909406,0.05315592
0.05280303955078125,0.039189033,-1.6,0.07319283485412598,5.9,161,-1.6,0.016855255,0.039189033,0.0,0.04521601,1.5950842,0.0,5.825,0,274.817724943161,0.015447201,1.5930501,0.04521601
0.06905347108840942,0.031261526,-1.75,-0.10746979713439941,7.225,162,-1.75,0.017061373,0.031261526,0.0,0.0444064,1.5952448,0.0,7.275,0,276.543753862381,0.015233649,1.5928353,0.0444064
-0.33812999725341797,0.03777661,-1.4,-0.02362382411956787,5.6,163,-1.4,0.016842872,0.03777661,0.0,0.04939731,1.5950681,0.0,5.9,0,278.41967391967773,0.015485433,1.5931077,0.04939731
-0.30445218086242676,0.030342732,-1.25,-0.03427469730377197,6.525,164,-1.25,0.01830972,0.030342732,0.0,0.039884135,1.595093,0.0,6.15,0,280.5811650753021,0.015408749,1.5918444,0.039884135
-0.08005070686340332,0.04186769,-1.4,-0.10048365592956543,6.525,165,-1.4,0.015897382,0.04186769,0.0,0.04213897,1.595345,0.0,7.2,0,282.4927170276642,0.01512047,1.5941026,0.04213897
0.04828238487243652,0.028997412,-1.525,-0.18276166915893555,5.325,166,-1.525,0.016879536,0.028997412,0.0,0.046156198,1.5948453,0.0,7.575,0,284.36622500419617,0.015734347,1.5929866,0.046156198
-0.3127394914627075,0.038706437,-1.825,-0.029957294464111328,5.1,167,-1.825,0.017843802,0.038706437,0.0,0.046260443,1.594781,0.0,7.8,0,286.24962091445923,0.01573887,1.5921054,0.046260443
-0.2115391492843628,0.042895205,-1.7,-0.012885212898254395,5.75,168,-1.7,0.017686602,0.042895205,0.0,0.02900306,1.5949907,0.0,9.025,0,288.20589303970337,0.015549963,1.5923884,0.02900306
-0.08069097995758057,0.039899662,-1.7,-0.10332036018371582,6.225,169,-1.7,0.01662141,0.039899662,0.0,0.04688579,1.5950294,0.0,6.9,0,290.0164749622345,0.015511118,1.593266,0.04688579
-0.16960954666137695,0.044554714,-1.5,0.0008838176727294922,5.325,170,-1.5,0.018639147,0.044554714,0.0,0.040280305,1.5950017,0.0,5.9,0,291.97401213645935,0.015537533,1.5914128,0.040280305
-0.15867149829864502,0.04016583,-1.375,-0.08362793922424316,7.1,171,-1.375,0.017329002,0.04016583,0.0,0.051429417,1.5949512,0.0,6.825,0,293.8185489177704,0.015605176,1.5926085,0.051429417
-0.1182326078414917,0.035658628,-1.475,-0.09276401996612549,7.5,172,-1.475,0.017546609,0.035658628,0.0,0.045535456,1.5949719,0.0,5.3,0,296.0051910877228,0.015590422,1.5924443,0.045535456
-0.15789997577667236,0.036595516,-1.4,-0.030528783798217773,5.95,173,-1.4,0.015919782,0.036595516,0.0,0.05030138,1.5949886,0.0,5.525,0,298.00250792503357,0.015536971,1.5938361,0.05030138
-0.12394297122955322,0.044187218,-1.55,-0.034302473068237305,4.475,174,-1.55,0.017845558,0.044187218,0.0,0.046679482,1.5947258,0.0,5.15,0,299.8290841579437,0.015851816,1.5920942,0.046679482
-0.07829391956329346,0.035026446,-1.5,-0.1695246696472168,4.8,175,-1.5,0.016406253,0.035026446,0.0,0.043342233,1.5951715,0.0,6.5,0,301.70734786987305,0.015313849,1.5934944,0.043342233
-0.09347236156463623,0.040735546,-1.6,0.014686107635498047,4.9,176,-1.6,0.016234187,0.040735546,0.0,0.043187376,1.5950384,0.0,7.3,0,303.5225110054016,0.01547264,1.5935636,0.043187376
-0.21928679943084717,0.04514212,-1.375,-0.18635594844818115,4.675,177,-1.375,0.01646637,0.04514212,0.0,0.053501405,1.5948932,0.0,5.8,0,305.29213881492615,0.015676638,1.5934364,0.053501405
-0.2419649362564087,0.03399548,-1.35,0.03849703073501587,7.2,178,-1.35,0.016133305,0.03399548,0.0,0.04647131,1.5954443,0.0,4.925,0,307.06077790260315,0.014997404,1.5937265,0.04647131
-0.20576262474060059,0.038481064,-1.625,-0.16159677505493164,5.225,179,-1.625,0.016955521,0.038481064,0.0,0.0520917,1.5951252,0.0,7.85,0,308.87059712409973,0.015353987,1.5929673,0.0520917
-0.24223041534423828,0.036852818,-1.6,-0.013945579528808594,5.775,180,-1.6,0.018054094,0.036852818,0.0,0.034255642,1.5945654,0.0,7.225,0,310.7135319709778,0.016027806,1.591961,0.034255642
-0.02322399616241455,0.03869081,-1.7,-0.033794283866882324,8.475,181,-1.7,0.015771221,0.03869081,0.0,0.047239512,1.595125,0.0,8.375,0,312.4584608078003,0.015390443,1.5941327,0.047239512
-0.20028769969940186,0.03673282,-1.325,0.014241516590118408,8.475,182,-1.325,0.017023299,0.03673282,0.0,0.041174572,1.5952394,0.0,5.25,0,314.35117506980896,0.015264491,1.5929456,0.041174572
-0.12431609630584717,0.04157234,-1.75,-0.0779958963394165,6.2,183,-1.75,0.016129395,0.04157234,0.0,0.040362265,1.595042,0.0,6.975,0,316.1402521133423,0.015459804,1.5936762,0.040362265
-0.18282973766326904,0.033197768,-1.35,-0.027766823768615723,5.175,184,-1.35,0.01473128,0.033197768,0.0,0.05440198,1.5951545,0.0,7.475,0,318.01168513298035,0.015318548,1.5952238,0.05440198
-0.20561230182647705,0.046913248,-1.225,-0.027318596839904785,5.75,185,-1.225,0.017113462,0.046913248,0.0,0.037912276,1.5951977,0.0,4.425,0,319.9050569534302,0.015311783,1.5928351,0.037912276
-0.009256601333618164,0.04268541,-1.475,-0.23324060440063477,7.3,186,-1.475,0.017414771,0.04268541,0.0,0.048431195,1.5950525,0.0,7.5,0,321.9750039577484,0.0154951755,1.5925691,0.048431195
-0.18000173568725586,0.033397514,-1.35,-0.06337988376617432,8.725,187,-1.35,0.021354344,0.033397514,0.0,0.056701254,1.5948794,0.0,5.575,0,323.92083191871643,0.01568307,1.5889246,0.056701254
-0.11893033981323242,0.039232016,-1.3,-0.4311870336532593,7.2,188,-1.3,0.015535252,0.039232016,0.0,0.04004644,1.5953335,0.0,4.5,0,325.87711787223816,0.015113205,1.5944594,0.04004644
-0.05050182342529297,0.04774797,-1.725,-0.14546680450439453,8.35,189,-1.725,0.020708425,0.04774797,0.0,0.034069248,1.5950314,0.0,5.55,0,327.7282898426056,0.01547431,1.5896227,0.034069248
-0.11093878746032715,0.032292053,-1.425,-0.03354668617248535,8.65,190,-1.425,0.020181432,0.032292053,0.0,0.039454352,1.5953667,0.0,6.075,0,329.51571393013,0.015116437,1.5902145,0.039454352
-0.09290099143981934,0.02635395,-1.325,-0.2093644142150879,6.275,191,-1.325,0.013864633,0.02635395,0.0,0.035195496,1.5951321,0.0,5.725,0,331.22865772247314,0.015363814,1.5960093,0.035195496
-0.1756521463394165,0.0421427,-1.225,0.07586419582366943,5.225,192,-1.225,0.020512827,0.0421427,0.0,0.04058983,1.5950844,0.0,5.55,0,333.00221586227417,0.015440065,1.5900712,0.04058983
-0.15115320682525635,0.034744028,-1.275,0.05992156267166138,5.15,193,-1.275,0.017078103,0.034744028,0.0,0.04233759,1.5951234,0.0,5.05,0,334.82123589515686,0.015432464,1.5929288,0.04233759
-0.24597489833831787,0.033518776,-1.7,0.003975927829742432,5.475,194,-1.7,0.022037396,0.033518776,0.0,0.039160755,1.5949287,0.0,7.925,0,336.67200088500977,0.01561208,1.5886909,0.039160755
-0.041496992111206055,0.035947718,-1.5,-0.1543947458267212,5.175,195,-1.5,0.015637178,0.035947718,0.0,0.03554213,1.5951364,0.0,6.825,0,338.743145942688,0.015419543,1.5943743,0.03554213
0.028689324855804443,0.038438503,-1.8,-0.0776216983795166,6.7,196,-1.8,0.018325051,0.038438503,0.0,0.045884274,1.5953057,0.0,8.325,0,340.6049997806549,0.015232792,1.5918558,0.045884274
-0.02718222141265869,0.037018206,-1.675,-0.13828086853027344,7.275,197,-1.675,0.02167406,0.037018206,0.0,0.050125197,1.5952313,0.0,5.525,0,342.42603302001953,0.015283953,1.5889094,0.050125197
0.05947977304458618,0.04056262,-1.525,-0.028646469116210938,7.3,198,-1.525,0.017322168,0.04056262,0.0,0.044842094,1.5947695,0.0,6.075,0,344.26168489456177,0.015816707,1.5927124,0.044842094
-0.16763532161712646,0.04153971,-1.75,-0.03954005241394043,6.4,199,-1.75,0.022476232,0.04153971,0.0,0.04553318,1.594932,0.0,7.2,0,346.0371689796448,0.015644588,1.5880682,0.04553318
0.060359060764312744,0.03147745,-1.55,0.04525476694107056,6.825,200,-1.55,0.018236136,0.03147745,0.0,0.04404813,1.5953557,0.0,6.875,0,347.8352999687195,0.015076759,1.5919902,0.04404813
-0.18110716342926025,0.04715667,-1.45,-0.08993017673492432,6.35,201,-1.45,0.01790699,0.04715667,0.0,0.047630213,1.595005,0.0,4.9,0,349.84660387039185,0.015572001,1.5921478,0.047630213
-0.13816511631011963,0.03834466,-1.25,-0.033023953437805176,8.95,202,-1.25,0.019276325,0.03834466,0.0,0.039879736,1.5950339,0.0,4.425,0,351.72104597091675,0.015508723,1.590999,0.039879736
0.02104806900024414,0.03993383,-1.55,0.02555227279663086,5.375,203,-1.55,0.016884115,0.03993383,0.0,0.047225475,1.595158,0.0,8.1,0,354.232540845871,0.015362863,1.5930922,0.047225475
-0.11788225173950195,0.03851281,-1.85,-0.22818398475646973,6.275,204,-1.85,0.017058339,0.03851281,0.0,0.034651842,1.5949837,0.0,6.45,0,356.20628905296326,0.015548965,1.5931001,0.034651842
-0.0726693868637085,0.051264144,-1.45,-0.06427204608917236,7.5,205,-1.45,0.014775352,0.051264144,0.0,0.047586516,1.5950658,0.0,4.75,0,358.1622939109802,0.0154352505,1.5950809,0.047586516
-0.056108951568603516,0.036971502,-1.475,-0.05767834186553955,6.275,206,-1.475,0.014417539,0.036971502,0.0,0.037551522,1.5951724,0.0,6.25,0,360.0999319553375,0.01531145,1.595486,0.037551522
-0.23796093463897705,0.033736274,-1.625,0.04207688570022583,5.75,207,-1.625,0.016573444,0.033736274,0.0,0.041928407,1.5950792,0.0,6.8,0,361.98258090019226,0.015500478,1.5934911,0.041928407
0.023666203022003174,0.039661724,-1.5,-0.024937748908996582,6.925,208,-1.5,0.017915811,0.039661724,0.0,0.043479096,1.594845,0.0,5.8,0,363.74835300445557,0.015717,1.5922383,0.043479096
0.014298558235168457,0.032490008,-1.55,-0.12083709239959717,9.05,209,-1.55,0.016599149,0.032490008,0.0,0.041146606,1.5949942,0.0,7.525,0,365.52313804626465,0.015575685,1.5934584,0.041146606
-0.029445886611938477,0.032307953,-1.8,-0.012835025787353516,6.55,210,-1.8,0.018515665,0.032307953,0.0,0.03193584,1.5951307,0.0,8.925,0,367.31883096694946,0.015419055,1.5915186,0.03193584
-0.08596312999725342,0.032769788,-1.55,-0.00604093074798584,7.7,211,-1.55,0.018597074,0.032769788,0.0,0.03374648,1.5949811,0.0,9.025,0,369.120512008667,0.015508516,1.5914698,0.03374648
-0.1333308219909668,0.04517621,-1.5,-0.11629581451416016,6.7,212,-1.5,0.017684525,0.04517621,0.0,0.041494302,1.5948842,0.0,7.175,0,370.94026279449463,0.01565462,1.5923955,0.041494302
-0.2368316650390625,0.031163141,-1.3,0.03522062301635742,5.325,213,-1.3,0.015568426,0.031163141,0.0,0.04230357,1.5949503,0.0,7.2,0,372.67947697639465,0.015534308,1.5943439,0.04230357
0.09822052717208862,0.045116343,-1.675,-0.10092759132385254,5.85,214,-1.675,0.016999789,0.045116343,0.0,0.033086568,1.5952083,0.0,7.1,0,374.4678819179535,0.01523054,1.5930276,0.033086568
-0.08440554141998291,0.02866581,-1.6,-0.06199324131011963,4.55,215,-1.6,0.018116865,0.02866581,0.0,0.044034045,1.5950334,0.0,8.5,0,376.28055810928345,0.015493499,1.5919459,0.044034045
-0.14825153350830078,0.034627467,-1.675,-0.1449272632598877,7.225,216,-1.675,0.017164607,0.034627467,0.0,0.0326768,1.5952783,0.0,7.15,0,378.1484749317169,0.015207755,1.5928278,0.0326768
-0.041692376136779785,0.035065606,-1.575,-0.04674375057220459,6.325,217,-1.575,0.016608302,0.035065606,0.0,0.03421382,1.595007,0.0,6.05,0,380.0096218585968,0.015549189,1.5932717,0.03421382
-0.045984625816345215,0.04401607,-1.875,-0.04956698417663574,8.15,218,-1.875,0.017773382,0.04401607,0.0,0.04535535,1.5948411,0.0,7.25,0,381.88094902038574,0.015746288,1.5922407,0.04535535
-0.1119769811630249,0.035766765,-1.925,0.06481432914733887,7.7,219,-1.925,0.019222032,0.035766765,0.0,0.04938175,1.5952024,0.0,9.4,0,383.69252490997314,0.015344106,1.5909798,0.04938175
0.013380825519561768,0.029088989,-1.3,-0.5393362045288086,6.425,220,-1.3,0.016651325,0.029088989,0.0,0.032662593,1.5947732,0.0,6.825,0,385.60226607322693,0.015775498,1.5933487,0.032662593
-0.04949653148651123,0.04119163,-1.65,-0.0355151891708374,6.55,221,-1.65,0.017264344,0.04119163,0.0,0.05511687,1.5955021,0.0,8.575,0,387.42642402648926,0.0149572855,1.5927933,0.05511687
-0.210205078125,0.03930276,-1.525,0.01443946361541748,3.7,222,-1.525,0.015834048,0.03930276,0.0,0.038778782,1.5951049,0.0,6.15,0,389.45926809310913,0.015414106,1.5941268,0.038778782
-0.023329734802246094,0.039971255,-1.625,0.0311240553855896,6.825,223,-1.625,0.018650327,0.039971255,0.0,0.047753826,1.5951276,0.0,7.8,0,391.38788294792175,0.015404975,1.5914437,0.047753826
-0.0877906084060669,0.04042436,-1.2,-0.03249478340148926,6.1,224,-1.2,0.018911606,0.04042436,0.0,0.04303052,1.5949621,0.0,6.95,0,393.3020668029785,0.015567107,1.5913041,0.04303052
-0.06011605262756348,0.03933441,-1.375,-0.01258993148803711,5.275,225,-1.375,0.017232567,0.03933441,0.0,0.050679,1.5949874,0.0,6.125,0,395.5201871395111,0.015583418,1.5928961,0.050679
0.08516275882720947,0.03644622,-1.425,-0.0013195276260375977,6.65,226,-1.425,0.017961629,0.03644622,0.0,0.04995916,1.5950556,0.0,6.85,0,397.47584295272827,0.01543792,1.5921477,0.04995916
-0.30400991439819336,0.037598543,-1.6,7.56382942199707e-05,6.075,227,-1.6,0.016205955,0.037598543,0.0,0.04978253,1.5949377,0.0,8.7,0,399.4069437980652,0.015606425,1.5936782,0.04978253
-0.10872447490692139,0.030039968,-1.325,0.07459211349487305,6.5,228,-1.325,0.016964192,0.030039968,0.0,0.04637614,1.5949473,0.0,7.075,0,401.37581515312195,0.015548967,1.5930647,0.04637614
-0.1625603437423706,0.046169676,-1.7,0.08370405435562134,6.625,229,-1.7,0.019469168,0.046169676,0.0,0.038702972,1.594959,0.0,6.4,0,403.24110293388367,0.0155773545,1.5907023,0.038702972
-0.024773120880126953,0.03369329,-1.45,0.05192458629608154,5.425,230,-1.45,0.017342586,0.03369329,0.0,0.051796816,1.5952439,0.0,6.375,0,405.1908359527588,0.015232866,1.5925567,0.051796816
-0.07652652263641357,0.044516787,-1.925,-0.13232243061065674,6.225,231,-1.925,0.016868286,0.044516787,0.0,0.040943053,1.594796,0.0,7.1,0,407.3802590370178,0.015780032,1.5930792,0.040943053
-0.017760753631591797,0.03859529,-1.675,-0.04680907726287842,5.8,232,-1.675,0.01874794,0.03859529,0.0,0.054260474,1.5947305,0.0,6.625,0,409.4078781604767,0.015813284,1.5911958,0.054260474
-0.08204591274261475,0.04394952,-1.6,-0.1560056209564209,8.35,233,-1.6,0.016008753,0.04394952,0.0,0.04507792,1.5946324,0.0,5.8,0,411.4555010795593,0.016011765,1.5938585,0.04507792
0.13028764724731445,0.04497908,-1.35,0.028789639472961426,6.625,234,-1.35,0.01790305,0.04497908,0.0,0.039617863,1.5950487,0.0,5.2,0,413.80445194244385,0.015470754,1.5922694,0.039617863
-0.13152039051055908,0.04284963,-1.65,-0.03966832160949707,6.45,235,-1.65,0.017187828,0.04284963,0.0,0.04439501,1.5950152,0.0,5.925,0,415.7299270629883,0.015507417,1.5929674,0.04439501
-0.061905860900878906,0.04242868,-1.55,-0.051683902740478516,7.225,236,-1.55,0.019524511,0.04242868,0.0,0.046674658,1.595062,0.0,6.875,0,417.9994730949402,0.015456845,1.5908237,0.046674658
-0.008254408836364746,0.0449118,-1.875,-0.14976882934570312,6.575,237,-1.875,0.017450705,0.0449118,0.0,0.05024588,1.5947237,0.0,6.975,0,419.9343168735504,0.015860943,1.5925665,0.05024588
-0.09100866317749023,0.034521155,-1.575,-0.037459611892700195,6.8,238,-1.575,0.016874814,0.034521155,0.0,0.041728146,1.594768,0.0,5.7,0,421.8184690475464,0.015780566,1.593106,0.041728146
-0.17158746719360352,0.03387486,-1.675,-0.0574113130569458,4.2,239,-1.675,0.015519373,0.03387486,0.0,0.03922113,1.594924,0.0,7.85,0,423.7399950027466,0.015593714,1.5944067,0.03922113
-0.20279109477996826,0.035069242,-1.6,-0.09800362586975098,6.275,240,-1.6,0.01872214,0.035069242,0.0,0.047434837,1.5949186,0.0,6.575,0,425.65900588035583,0.015587881,1.5913229,0.047434837
-0.2268766164779663,0.034877136,-1.375,-0.0055588483810424805,5.1,241,-1.375,0.018337466,0.034877136,0.0,0.050791502,1.5950358,0.0,5.825,0,427.6077218055725,0.015498336,1.591716,0.050791502
-0.12418413162231445,0.050279386,-1.65,0.00580906867980957,5.9,242,-1.65,0.019114062,0.050279386,0.0,0.046136603,1.5948172,0.0,8.725,0,429.58198499679565,0.015751554,1.591054,0.046136603
-0.005204319953918457,0.043530785,-1.25,0.09913414716720581,6.275,243,-1.25,0.015734049,0.043530785,0.0,0.045512673,1.5951084,0.0,5.1,0,431.6641798019409,0.015412075,1.5941823,0.045512673
-0.1928037405014038,0.046577327,-1.5,-0.021634459495544434,5.825,244,-1.5,0.015844423,0.046577327,0.0,0.034646038,1.5951365,0.0,6.775,0,433.6717700958252,0.01534066,1.5939966,0.034646038
0.01663905382156372,0.04581702,-1.45,-0.16419053077697754,6.275,245,-1.45,0.017451057,0.04581702,0.0,0.044848695,1.594964,0.0,4.375,0,435.5634799003601,0.015564326,1.5925741,0.044848695
-0.053906917572021484,0.03342175,-1.625,-0.037340760231018066,7.125,246,-1.625,0.015989482,0.03342175,0.0,0.03700935,1.5947728,0.0,7.525,0,437.4457199573517,0.015823223,1.593986,0.03700935
-0.16130733489990234,0.04240594,-1.675,-0.12316608428955078,8.825,247,-1.675,0.017369593,0.04240594,0.0,0.03930495,1.5948322,0.0,7.525,0,439.33716082572937,0.015703268,1.5926663,0.03930495
-0.06116509437561035,0.047276057,-1.75,-0.03896379470825195,7.75,248,-1.75,0.015680332,0.047276057,0.0,0.0464077,1.5950162,0.0,7.15,0,441.38452982902527,0.015535295,1.594121,0.0464077
-0.11125540733337402,0.047252215,-1.6,-0.04664814472198486,5.275,249,-1.6,0.015363652,0.047252215,0.0,0.04306699,1.5952493,0.0,5.8,0,443.33997988700867,0.015254261,1.5944979,0.04306699
-0.07253062725067139,0.02860833,-1.8,-0.13397216796875,5.45,250,-1.8,0.016257182,0.02860833,0.0,0.04945346,1.5951926,0.0,8.5,0,445.25294494628906,0.015280183,1.5936604,0.04945346
-0.01949787139892578,0.04553973,-1.125,0.08553904294967651,5.025,251,-1.125,0.017891552,0.04553973,0.0,0.04928351,1.5949169,0.0,6.45,0,447.1523849964142,0.015616405,1.5922697,0.04928351
0.03712397813796997,0.042851273,-1.7,-0.047861576080322266,5.225,252,-1.7,0.015341595,0.042851273,0.0,0.04760483,1.5949162,0.0,7.6,0,449.0521728992462,0.01563184,1.5945334,0.04760483
-0.1289588212966919,0.0297607,-1.525,-0.19753408432006836,9.175,253,-1.525,0.017411977,0.0297607,0.0,0.033318467,1.595176,0.0,8.625,0,450.9056718349457,0.015323601,1.5926266,0.033318467
0.03729897737503052,0.043339863,-1.725,-0.05628061294555664,7.7,254,-1.725,0.019451257,0.043339863,0.0,0.042997055,1.5952281,0.0,6.35,0,452.7287929058075,0.015267922,1.5906883,0.042997055
-0.31139397621154785,0.034626815,-1.425,-0.14805352687835693,7.2,255,-1.425,0.018741798,0.034626815,0.0,0.045168214,1.5949103,0.0,8.625,0,454.6024098396301,0.015690848,1.5915056,0.045168214
-0.10346841812133789,0.040002584,-2.05,-0.03435325622558594,7.975,256,-2.05,0.016064469,0.040002584,0.0,0.031178879,1.5951581,0.0,8.875,0,456.44215393066406,0.015335178,1.5938263,0.031178879
-0.40698182582855225,0.041862957,-1.525,-0.0997241735458374,8.175,257,-1.525,0.02316495,0.041862957,0.0,0.052521907,1.5950352,0.0,5.35,0,458.28560876846313,0.015491199,1.5874538,0.052521907
-0.09172093868255615,0.044072382,-1.7,0.020948410034179688,6.85,258,-1.7,0.017530527,0.044072382,0.0,0.049063843,1.5949261,0.0,7.4,0,460.0998797416687,0.015642308,1.5925616,0.049063843
-0.025829434394836426,0.03419563,-1.2,-0.13195419311523438,6.0,259,-1.2,0.019553766,0.03419563,0.0,0.05145704,1.595,0.0,5.65,0,461.9277958869934,0.0155170355,1.5906458,0.05145704
-0.26054680347442627,0.045187023,-1.5,-0.08941400051116943,4.45,260,-1.5,0.021528777,0.045187023,0.0,0.05266523,1.5950819,0.0,6.05,0,463.76056694984436,0.01542359,1.5885434,0.05266523
-0.3710956573486328,0.04265606,-1.575,0.01587820053100586,8.725,261,-1.575,0.016789554,0.04265606,0.0,0.027687527,1.5947657,0.0,6.5,0,465.64283299446106,0.015813975,1.593225,0.027687527
0.1003119945526123,0.0440033,-1.35,-0.013242721557617188,6.925,262,-1.35,0.018924415,0.0440033,0.0,0.056101367,1.5951468,0.0,5.875,0,467.78251791000366,0.015379656,1.591042,0.056101367
-0.13317430019378662,0.041273,-1.45,0.00501328706741333,8.0,263,-1.45,0.01605211,0.041273,0.0,0.041034773,1.5947282,0.0,6.9,0,469.70700192451477,0.015881803,1.593977,0.041034773
0.08574545383453369,0.038656704,-1.475,0.061315953731536865,7.15,264,-1.475,0.016328836,0.038656704,0.0,0.03622113,1.5952953,0.0,6.525,0,471.688472032547,0.01518638,1.5936038,0.03622113
-0.046449899673461914,0.040057607,-1.525,-0.03995931148529053,5.6,265,-1.525,0.016951876,0.040057607,0.0,0.04886922,1.5950978,0.0,7.725,0,473.7040569782257,0.015426965,1.5932071,0.04886922
-0.18712759017944336,0.038778193,-1.525,0.03582054376602173,6.05,266,-1.525,0.017050387,0.038778193,0.0,0.05911398,1.5950074,0.0,6.35,0,475.7450008392334,0.015526495,1.5929141,0.05911398
-0.5331003665924072,0.040537722,-1.775,-0.16495120525360107,6.175,267,-1.775,0.015680427,0.040537722,0.0,0.03959961,1.594991,0.0,6.675,0,477.624107837677,0.015540231,1.5941985,0.03959961
-0.291526198387146,0.04176025,-1.2,0.024371683597564697,6.45,268,-1.2,0.017707955,0.04176025,0.0,0.046223372,1.5949862,0.0,5.075,0,479.4709198474884,0.015519233,1.592365,0.046223372
0.06402438879013062,0.050572842,-1.775,-0.03355395793914795,7.4,269,-1.775,0.019010909,0.050572842,0.0,0.050278485,1.594936,0.0,6.525,0,481.31947684288025,0.015596483,1.5911596,0.050278485
0.09151273965835571,0.04400082,-1.625,-0.021967768669128418,5.1,270,-1.625,0.016415088,0.04400082,0.0,0.044298396,1.5950626,0.0,5.575,0,483.13843393325806,0.015461911,1.5935323,0.044298396
-0.11238574981689453,0.044863764,-1.7,0.11194789409637451,6.325,271,-1.7,0.016846232,0.044863764,0.0,0.043013435,1.5949376,0.0,7.3,0,484.9773659706116,0.015592553,1.593064,0.043013435
-0.009238004684448242,0.03631521,-1.475,0.009303867816925049,5.925,272,-1.475,0.01721709,0.03631521,0.0,0.042150617,1.5949299,0.0,6.55,0,486.88143610954285,0.015598943,1.5927438,0.042150617
-0.05682647228240967,0.034178566,-1.35,-0.11371636390686035,8.0,273,-1.35,0.019244421,0.034178566,0.0,0.041388325,1.5952518,0.0,7.75,0,488.72404193878174,0.0152315395,1.5909402,0.041388325
-0.08479619026184082,0.03207988,-1.475,-0.007392168045043945,6.65,274,-1.475,0.017659165,0.03207988,0.0,0.050402403,1.5947539,0.0,7.9,0,490.54276490211487,0.015827604,1.5922203,0.050402403
-0.09834468364715576,0.03217069,-1.525,0.05265212059020996,7.325,275,-1.525,0.018301494,0.03217069,0.0,0.05254238,1.5950583,0.0,6.375,0,492.4675099849701,0.015472748,1.5917954,0.05254238
-0.0996403694152832,0.04085441,-1.625,-0.08091223239898682,4.825,276,-1.625,0.016822506,0.04085441,0.0,0.05141917,1.5950464,0.0,6.375,0,494.50776386260986,0.015432316,1.5930164,0.05141917
-0.01720893383026123,0.037550535,-1.45,-0.14021658897399902,4.2,277,-1.45,0.01613859,0.037550535,0.0,0.050517503,1.5949832,0.0,6.525,0,496.484454870224,0.015536757,1.5938,0.050517503
0.046172916889190674,0.034568116,-1.525,0.004388689994812012,8.975,278,-1.525,0.018046977,0.034568116,0.0,0.057518225,1.5950377,0.0,6.175,0,498.4631447792053,0.015494409,1.5919294,0.057518225
-0.08433842658996582,0.039092235,-1.5,-0.006562471389770508,6.55,279,-1.5,0.01801208,0.039092235,0.0,0.030235983,1.5948175,0.0,8.45,0,500.42680191993713,0.015741121,1.592033,0.030235983
0.011033773422241211,0.0383223,-1.25,-0.1954503059387207,6.35,280,-1.25,0.01785346,0.0383223,0.0,0.041287027,1.5948621,0.0,4.475,0,502.3942141532898,0.015702413,1.5921826,0.041287027
-0.2002791166305542,0.033481862,-1.7,-0.09786617755889893,6.475,281,-1.7,0.015883991,0.033481862,0.0,0.040446125,1.5949639,0.0,8.15,0,504.32659912109375,0.015568973,1.5940238,0.040446125
-0.04798769950866699,0.044179186,-1.925,-0.017931818962097168,8.175,282,-1.925,0.016276715,0.044179186,0.0,0.047314208,1.5949156,0.0,9.325,0,506.24354815483093,0.015663354,1.5936825,0.047314208
-0.14391934871673584,0.034208503,-1.375,-0.03448617458343506,7.975,283,-1.375,0.01736477,0.034208503,0.0,0.05012502,1.5955243,0.0,7.15,0,508.21857714653015,0.014919497,1.5927716,0.05012502
-0.033853888511657715,0.041814264,-1.7,-0.011048197746276855,6.25,284,-1.7,0.018087704,0.041814264,0.0,0.046744745,1.5948385,0.0,8.55,0,510.37737798690796,0.015724612,1.5919667,0.046744745
-0.10766959190368652,0.044147633,-1.7,0.053675830364227295,5.05,285,-1.7,0.017449183,0.044147633,0.0,0.041953817,1.5947471,0.0,8.75,0,512.3098759651184,0.015847882,1.5925167,0.041953817
-0.10699689388275146,0.037817024,-1.275,0.07135355472564697,7.1,286,-1.275,0.016909203,0.037817024,0.0,0.041585043,1.5949372,0.0,6.675,0,514.1554629802704,0.015599118,1.5932095,0.041585043
-0.1635274887084961,0.0434774,-1.5,-0.0019116401672363281,7.625,287,-1.5,0.017029906,0.0434774,0.0,0.043044858,1.594979,0.0,7.2,0,516.0383808612823,0.015572783,1.5930688,0.043044858
0.017708122730255127,0.0397188,-1.775,0.017355620861053467,5.475,288,-1.775,0.01787185,0.0397188,0.0,0.042398453,1.595317,0.0,7.95,0,517.9303810596466,0.015188762,1.5922908,0.042398453
-0.028841137886047363,0.040941656,-1.875,-0.08219265937805176,6.125,289,-1.875,0.017321078,0.040941656,0.0,0.04074029,1.5949101,0.0,6.85,0,519.9089689254761,0.015613834,1.5926982,0.04074029
-0.048322439193725586,0.047118,-1.65,-0.05963611602783203,6.5,290,-1.65,0.017407538,0.047118,0.0,0.039904952,1.5951228,0.0,5.125,0,521.8637490272522,0.015366842,1.592631,0.039904952
0.03153586387634277,0.041949034,-1.625,-0.08257055282592773,4.1,291,-1.625,0.015958235,0.041949034,0.0,0.033726983,1.5948875,0.0,6.325,0,523.7552049160004,0.015680386,1.5939326,0.033726983
-0.057915568351745605,0.04363358,-1.625,0.04274952411651611,5.65,292,-1.625,0.021357171,0.04363358,0.0,0.046400458,1.5951362,0.0,5.35,0,525.5736198425293,0.015356381,1.5889364,0.046400458
-0.07832252979278564,0.039522752,-1.55,0.04781687259674072,5.25,293,-1.55,0.017438034,0.039522752,0.0,0.041832052,1.5948288,0.0,7.125,0,527.4366040229797,0.015762374,1.5925264,0.041832052
0.09921211004257202,0.044938534,-1.8,0.0757972002029419,5.8,294,-1.8,0.019561362,0.044938534,0.0,0.046256028,1.5947982,0.0,7.1,0,529.2784459590912,0.015751638,1.5905402,0.046256028
-0.11595523357391357,0.033069536,-1.425,-0.0710519552230835,5.975,295,-1.425,0.016036566,0.033069536,0.0,0.03977953,1.5950816,0.0,7.0,0,531.1127910614014,0.015429579,1.593912,0.03977953
-0.27721333503723145,0.0394147,-2.025,-0.05699265003204346,4.8,296,-2.025,0.018130796,0.0394147,0.0,0.04655467,1.5950875,0.0,7.85,0,532.9860498905182,0.015412195,1.5920508,0.04655467
0.045918047428131104,0.03356769,-1.425,-0.08874881267547607,4.975,297,-1.425,0.015985012,0.03356769,0.0,0.044953413,1.5953562,0.0,6.7,0,534.9220190048218,0.015086986,1.5939411,0.044953413
-0.3042714595794678,0.046345748,-1.675,-0.08390188217163086,5.275,298,-1.675,0.016822912,0.046345748,0.0,0.03998092,1.5949378,0.0,6.6,0,536.9046139717102,0.015601557,1.5932412,0.03998092
-0.13587284088134766,0.047197174,-1.5,0.01427692174911499,4.5,299,-1.5,0.016186401,0.047197174,0.0,0.04316975,1.5951949,0.0,7.3,0,538.851222038269,0.015279896,1.5937483,0.04316975
-0.011583209037780762,0.033600457,-1.45,-0.05901825428009033,5.275,300,-1.45,0.016380202,0.033600457,0.0,0.040229976,1.5948159,0.0,7.8,0,540.739816904068,0.015783977,1.5935824,0.040229976
-0.03901243209838867,0.04089793,-1.7,-0.05983543395996094,7.375,301,-1.7,0.017831942,0.04089793,0.0,0.05572025,1.5951289,0.0,8.125,0,542.6755819320679,0.015402694,1.592129,0.05572025
0.02091217041015625,0.03790725,-1.325,-0.023173928260803223,6.35,302,-1.325,0.016351596,0.03790725,0.0,0.03783301,1.5953293,0.0,6.05,0,544.8169660568237,0.015209396,1.593787,0.03783301
-0.008798718452453613,0.038515642,-1.775,-0.05457627773284912,7.275,303,-1.775,0.018274553,0.038515642,0.0,0.042020172,1.5951848,0.0,7.525,0,546.816458940506,0.0153065035,1.5918136,0.042020172
-0.1412339210510254,0.039284155,-1.45,0.017532646656036377,6.65,304,-1.45,0.01641338,0.039284155,0.0,0.036507122,1.5948689,0.0,6.05,0,548.8695590496063,0.015708324,1.5935761,0.036507122
-0.14575934410095215,0.037648782,-1.475,0.01055067777633667,8.025,305,-1.475,0.016664298,0.037648782,0.0,0.050072387,1.5949197,0.0,8.35,0,550.7780220508575,0.01562682,1.5933683,0.050072387
-0.448691725730896,0.036996108,-1.725,-0.0233151912689209,5.15,306,-1.725,0.017236467,0.036996108,0.0,0.048655014,1.5949843,0.0,9.125,0,552.6450731754303,0.015536379,1.5926539,0.048655014
0.0401189923286438,0.041097827,-1.9,0.13153988122940063,5.35,307,-1.9,0.019744044,0.041097827,0.0,0.053611543,1.5948355,0.0,7.025,0,554.499428987503,0.015726203,1.5905389,0.053611543
-0.19292092323303223,0.04048843,-1.35,0.04748934507369995,7.3,308,-1.35,0.020380445,0.04048843,0.0,0.04651919,1.5949628,0.0,5.925,0,556.3259229660034,0.015565248,1.5898747,0.04651919
0.06564819812774658,0.041461222,-1.625,-0.012553572654724121,7.825,309,-1.625,0.01985946,0.041461222,0.0,0.04072822,1.5951049,0.0,7.475,0,558.1474969387054,0.015403197,1.5903164,0.04072822
-0.0737144947052002,0.037173197,-1.975,0.09685111045837402,7.675,310,-1.975,0.018932752,0.037173197,0.0,0.04969026,1.5951037,0.0,9.525,0,560.0134267807007,0.015368611,1.5912732,0.04969026
-0.20159399509429932,0.03548821,-1.375,0.037821054458618164,6.3,311,-1.375,0.015400477,0.03548821,0.0,0.031214384,1.5948931,0.0,6.675,0,561.9183490276337,0.015656702,1.594473,0.031214384
-0.1042318344116211,0.039958436,-1.7,-0.1324782371520996,7.35,312,-1.7,0.019968187,0.039958436,0.0,0.057767957,1.595081,0.0,6.925,0,564.0119390487671,0.015451166,1.5902939,0.057767957
-0.5484850406646729,0.044846527,-1.875,0.006152749061584473,9.525,313,-1.875,0.018090013,0.044846527,0.0,0.02738637,1.5949969,0.0,7.1,0,565.934152841568,0.015507996,1.5920024,0.02738637
0.012297451496124268,0.033971183,-1.75,-0.002150297164916992,5.975,314,-1.75,0.017071964,0.033971183,0.0,0.04814901,1.5947865,0.0,8.025,0,567.9315938949585,0.015796816,1.5929314,0.04814901
-0.018336892127990723,0.03585189,-1.25,0.03260636329650879,7.3,315,-1.25,0.017788252,0.03585189,0.0,0.04532812,1.5948489,0.0,5.9,0,569.9310688972473,0.01570879,1.5923216,0.04532812
-0.10813558101654053,0.046172444,-1.8,0.012897849082946777,7.025,316,-1.8,0.017007506,0.046172444,0.0,0.047295332,1.5950569,0.0,7.45,0,571.8587000370026,0.015440449,1.592927,0.047295332
-0.12251389026641846,0.041186973,-1.9,-0.04494595527648926,5.525,317,-1.9,0.019547224,0.041186973,0.0,0.038859144,1.5948174,0.0,8.15,0,573.8283660411835,0.015751248,1.5906807,0.038859144
0.010950446128845215,0.033648815,-1.5,-0.043245911598205566,7.15,318,-1.5,0.016199684,0.033648815,0.0,0.051662937,1.5949032,0.0,6.9,0,576.1668128967285,0.015644077,1.5937493,0.051662937
