#{"env_id": "RockSample", "t_start": 1525351579.835815}
r,l,t
-34.812987,82,0.443778
-204.826496,147,0.539506
-206.874723,225,0.693047
-209.107672,89,0.742615
-71.688634,107,0.805099
-286.358186,84,0.854114
-175.11802,184,0.983021
-327.372415,99,1.042623
-237.465837,126,1.124215
-124.72743,99,1.186681
-27.842165,77,1.234028
-174.069682,152,1.338053
-376.809829,85,1.387733
-24.138064,128,1.467605
-218.98542,151,1.564973
-354.968937,116,1.635648
16.045977,89,1.689333
-37.20085,167,8.053623
-123.103927,96,10.22482
-7.972237,95,10.279506
-103.813084,104,10.340466
6.241619,79,10.387661
-369.321168,163,10.489273
-109.712149,102,10.549805
-284.7071,113,10.616069
-131.620069,108,10.681686
-35.945063,215,10.835747
39.756774,76,10.878724
-81.837242,138,10.961144
-224.120941,85,11.009299
-31.972115,137,11.093601
13.754065,79,11.140665
-405.279291,96,11.198501
-41.134995,71,11.238708
-6.642022,74,11.283419
-418.905681,96,11.339291
-340.644738,184,11.757617
-100.880888,142,11.845555
-291.065527,149,11.940137
-31.330357,122,12.017086
-116.085837,150,12.112641
-70.521063,119,12.185511
-154.464885,126,12.263125
-122.97765,109,12.325157
-249.961025,155,12.419294
-219.957277,135,12.499315
-219.221588,130,12.578923
-25.417433,69,12.617147
11.421494,141,12.705825
-52.388949,139,12.793129
-1.573411,88,12.84416
-25.258055,120,12.918657
52.308971,92,13.262683
-50.964452,127,13.340258
-90.687242,87,13.390954
-355.503184,131,13.469006
-401.891661,180,13.586401
-20.578802,68,13.624645
-84.283657,120,13.700758
-564.388546,117,13.769514
-293.813191,130,13.846929
-15.436688,131,13.925968
-16.963955,69,13.964083
4.759476,137,14.051238
1.129797,83,14.099826
-226.833612,148,14.188209
-161.117838,109,14.251455
-205.858592,91,14.302882
-160.083579,96,14.367324
-62.037317,160,14.489228
-292.414642,146,14.875443
-104.616001,165,14.977616
-49.946864,82,15.022785
-102.653332,117,15.097572
-38.911931,84,15.15168
-64.847481,78,15.202695
-149.971818,174,15.327695
-128.784753,134,15.412618
-125.891604,179,15.528735
-104.118341,145,15.623205
-133.601821,92,15.678207
-38.600399,99,15.736529
-213.801939,122,15.807512
70.389445,106,15.869913
32.690162,220,16.031659
-60.966922,159,16.134413
50.469734,166,16.5293
-18.995962,187,16.659833
-29.642434,87,16.712615
-18.666043,78,16.760386
62.207048,122,16.836925
-36.484482,176,16.951985
-32.636294,84,16.999361
-9.876052,194,17.127604
-155.740372,115,17.197735
-52.551744,181,17.319439
-23.926347,95,17.374555
-135.749128,189,17.502295
-5.014676,78,17.547154
3.508353,105,17.609605
-149.711205,194,17.735206
30.900024,132,18.108454
10.68033,125,18.188607
20.550451,122,18.263696
10.841453,185,18.38996
-27.046877,136,18.473913
20.937508,152,18.567122
-4.848578,108,18.632232
57.483262,104,18.695114
-23.697744,156,18.794261
-14.102974,105,18.858867
-143.994347,183,18.981598
40.755701,84,19.030944
-57.057944,172,19.147586
39.009124,135,19.233247
5.932079,133,19.316092
-23.600072,194,19.73678
-3.964799,120,19.811994
-10.624952,184,19.935834
43.025,95,19.995118
10.109262,160,20.097795
-41.572495,170,20.208073
-23.221622,172,20.31912
2.102846,138,20.40344
-29.334019,184,20.523836
10.930239,128,20.60563
-45.085479,150,20.700705
-52.621761,147,20.78791
58.712553,104,20.852964
33.53528,138,21.248036
33.979988,183,21.386034
24.262809,127,21.468239
77.142412,89,21.524431
9.40619,179,21.649466
4.535337,180,21.76718
27.323102,162,21.869391
-38.517417,124,21.941908
77.947891,100,22.004154
-35.554759,184,22.132617
63.993034,127,22.216099
76.931127,99,22.277048
45.698573,206,22.419658
39.999034,159,22.521644
-7.105339,153,22.903258
66.512214,186,23.029081
-11.310677,109,23.095731
65.725482,164,23.204634
86.550403,141,23.295228
-29.168758,147,23.38764
85.483248,110,23.45463
-84.513934,153,23.548592
-45.977713,158,23.64578
15.280093,107,23.708013
10.938607,133,23.790008
-33.434843,1000,25.99715
12.783166,153,26.092181
39.580047,112,26.160599
50.786283,142,26.247664
-1.106222,122,26.321614
47.153781,203,26.462496
86.101084,183,26.58359
52.526936,94,26.640042
58.385865,124,26.716756
57.487067,101,26.777814
-19.150964,124,26.850969
20.629098,145,26.940888
44.647955,104,27.002485
9.746272,121,27.365219
24.535684,1000,29.419476
18.523637,155,29.519498
-29.830155,162,29.621534
3.518247,141,29.704636
-51.788832,204,29.845916
16.430197,130,29.925613
-50.953599,1000,31.607812
-7.86039,1000,33.354829
69.784145,164,33.457849
66.891974,193,33.8787
10.931642,1000,35.506783
7.830302,1000,37.540084
-4.173275,1000,39.965473
5.187677,1000,42.359497
6.218133,1000,44.877052
-102.431124,370,45.191028
-30.619856,1000,47.260672
5.466644,1000,48.852004
33.28066,1000,51.567411
-41.914498,333,51.86582
79.145658,220,52.028759
-74.496713,1000,53.950035
-100.367948,1000,55.685166
62.63626,201,55.830703
-145.797946,516,56.444708
-93.018019,276,56.658292
-27.259351,1000,59.176037
4.390317,1000,61.003143
40.33332,1000,63.283493
32.510116,1000,65.098264
12.989134,1000,67.552293
41.830513,1000,69.784719
-51.065787,1000,72.255738
12.960926,1000,73.465799
-19.831625,1000,75.403694
19.319946,1000,76.813871
-21.052592,645,77.916526
-15.875666,386,78.276924
-4.359338,295,78.549867
68.055858,1000,79.822847
55.936774,292,80.380766
63.739291,1000,81.716068
21.559314,1000,83.765929
-6.059968,1000,85.177069
72.038128,1000,86.604643
13.388504,1000,88.202897
89.77385,285,88.472639
25.923988,314,88.79486
56.828589,1000,90.839026
63.010812,1000,92.588006
19.166125,1000,94.622357
10.621672,1000,96.246619
-72.164181,1000,98.79825
117.776497,820,99.913517
45.429437,1000,101.670935
-6.089586,354,102.040567
-67.050714,595,102.645162
74.680435,1000,105.103461
129.418426,759,106.180875
-37.50815,1000,107.380564
88.15657,960,109.342217
14.249398,1000,111.078909
22.428677,1000,112.915704
33.689169,1000,114.412794
44.589292,1000,116.06418
24.461363,1000,117.45436
60.139769,1000,119.133992
33.672696,1000,120.341509
21.040374,1000,122.688442
29.578473,1000,124.029656
95.619133,629,125.078296
51.726226,1000,126.448413
22.16222,1000,129.213485
-21.916135,1000,131.24035
30.258907,1000,133.803916
57.100285,1000,136.49103
61.212026,1000,138.456587
128.384784,933,139.810464
82.88711,669,141.048024
110.695349,484,141.884421
12.025991,1000,143.659537
6.607701,1000,146.022677
130.66589,965,147.245723
43.563058,1000,150.062408
136.157202,635,151.322788
-9.238148,459,151.83947
14.315945,1000,154.597379
22.395056,1000,157.152068
41.044705,1000,158.677038
25.372111,1000,160.452805
57.748812,912,161.510366
61.758049,1000,164.101099
27.038785,1000,166.555216
53.131481,498,167.394146
139.370026,786,169.026232
18.959329,502,169.722142
38.319668,1000,171.912453
60.403412,1000,173.875571
6.679523,1000,175.932325
43.730706,1000,177.689745
63.04872,1000,180.110237
59.596998,1000,182.740271
131.095926,560,183.577328
37.665985,1000,185.224111
66.738114,1000,186.881705
34.581516,1000,189.132777
24.116886,1000,191.038596
106.459374,557,191.94754
-26.913763,538,192.6424
139.711884,515,193.443176
57.732872,1000,195.46034
42.815062,1000,197.001052
53.947777,1000,199.858013
29.688459,1000,201.633342
35.588692,1000,203.980776
88.756657,1000,205.829943
46.25115,1000,208.418074
52.343747,1000,210.772545
65.128553,1000,212.383693
37.472385,1000,214.248628
32.871092,1000,217.063475
145.871548,497,217.700281
129.362596,633,218.539802
100.16138,655,219.244586
25.31741,1000,221.782194
99.384116,1000,223.090625
24.986524,1000,225.394438
25.995417,1000,226.851971
3.87833,1000,229.011868
93.273064,1000,230.531513
11.783568,1000,232.603786
75.914454,673,233.563361
47.591093,1000,235.681019
93.117542,1000,237.362794
24.014637,1000,239.255268
97.82762,1000,240.808679
37.404468,1000,242.860281
106.571122,673,243.76442
126.877464,579,244.714035
82.757133,1000,246.75146
110.216131,475,247.375883
53.570817,866,248.586119
57.922517,1000,250.923981
35.799532,1000,252.950933
146.426402,446,253.778277
84.98897,523,254.611722
46.065498,1000,256.170095
24.184613,407,256.838164
48.223292,1000,258.654695
62.907661,1000,260.392777
92.600443,533,261.387022
62.583974,1000,263.370576
134.291164,578,264.275819
180.670818,550,264.983842
92.557077,1000,267.106209
59.176198,1000,269.883578
83.637771,1000,271.854376
53.797517,1000,274.025471
78.416646,1000,275.501135
58.761018,1000,276.945435
89.929366,1000,278.117838
56.713454,1000,280.600748
171.900876,846,282.145286
18.903047,762,283.454401
90.022224,1000,284.854985
65.288967,1000,286.730834
87.52041,519,287.758399
53.889611,727,288.545061
52.06446,1000,290.483629
-7.133744,420,290.967858
38.137742,922,292.10217
37.339824,1000,293.872491
160.533947,733,294.846651
47.770815,1000,297.245813
69.881324,1000,298.933549
17.116583,1000,301.938474
92.605849,1000,303.125542
125.110743,597,304.005036
60.475698,1000,305.556702
22.885892,421,305.951766
-34.465395,1000,307.794937
111.582399,526,308.816538
50.449854,1000,310.745572
45.918111,1000,312.568564
113.500511,564,313.392958
43.043622,852,314.714789
72.865178,694,316.115384
36.259682,1000,319.090724
160.21061,492,319.678392
68.935036,752,321.024336
138.439786,456,321.521909
65.899697,1000,323.261066
146.918444,629,324.191365
51.649672,1000,325.874906
62.401359,1000,328.391672
137.402314,468,328.932274
69.866644,1000,330.563773
197.437623,892,331.790408
140.904528,556,332.783916
151.920886,895,334.712125
55.923007,1000,337.071445
128.81253,660,338.419375
146.514601,519,339.00353
49.824411,1000,341.267572
93.94131,609,342.413028
20.646483,1000,343.819849
128.90089,964,346.708459
192.426803,529,347.391568
93.6364,1000,348.86788
126.008679,763,350.929123
153.893824,729,352.285288
149.126855,964,354.443875
140.083044,967,356.801896
7.074036,1000,359.000275
168.850145,678,360.34761
137.168183,542,361.252125
72.407988,1000,362.906868
147.850253,835,364.277259
84.298488,1000,366.645088
147.998745,484,383.205779
186.606671,592,390.04118
14.910781,438,390.461143
201.752561,739,391.28473
90.742323,662,392.547026
51.721526,1000,393.654751
88.105234,447,394.272107
107.107058,381,395.047482
119.662583,592,396.043173
112.435807,681,397.40205
185.72713,650,398.681095
41.479244,1000,400.438805
180.90894,590,401.413172
185.595314,560,402.498861
124.751789,501,403.185046
161.363701,495,403.848214
185.787943,529,404.534688
132.468001,616,405.663097
19.674473,1000,407.024427
62.008542,823,408.213272
178.655897,546,409.004227
35.49553,1000,411.339372
168.287635,490,412.103756
176.635066,533,413.110293
178.569676,504,413.675003
174.97976,569,414.59148
133.153052,609,415.884979
157.944429,537,416.611128
111.113918,431,417.080446
122.975378,582,417.93179
7.662482,356,418.584014
145.848365,589,419.614442
158.176268,503,420.262009
111.202393,494,420.884975
110.855557,574,422.12241
172.278362,505,422.719855
159.881542,531,423.516579
156.44692,549,424.158766
123.644054,918,426.38966
170.918889,516,427.248273
27.1373,277,427.45732
113.054955,547,427.933312
129.617181,473,428.990939
138.070646,536,429.886784
116.641487,467,430.566554
-15.820574,1000,432.658017
7.715835,1000,435.347053
13.861875,1000,436.981999
139.319803,933,438.999475
117.398124,454,439.558713
88.845506,648,440.814317
39.605874,497,441.36979
112.170443,638,442.122775
155.522332,514,442.638202
90.939616,639,443.967088
168.589354,601,444.825982
109.110407,532,445.538425
193.926827,599,446.477485
-6.41776,1000,447.918225
124.108187,586,448.956786
96.974446,535,450.02956
164.295801,565,450.923531
216.274605,482,451.487042
129.81676,817,453.326484
154.029277,533,454.065432
70.688047,779,455.367738
168.749097,530,456.106827
42.129251,566,457.245024
61.114227,1000,459.193918
125.203487,527,459.919438
55.301823,1000,461.976839
168.532688,827,462.801389
158.810097,570,463.918584
173.084828,638,464.867691
121.880662,456,465.428125
119.392191,571,466.019717
128.941631,537,467.229127
180.807538,499,468.099471
164.205404,518,468.743091
118.447425,540,469.244441
59.490929,565,470.368291
127.327954,497,471.025339
165.290615,538,471.961852
120.305051,591,473.445915
133.385884,630,474.8145
153.267147,458,475.459665
136.524655,565,476.273849
122.414451,606,477.771302
113.260141,543,478.611897
172.901031,523,479.16267
149.82772,529,480.028951
33.68776,361,480.699005
167.613013,523,481.561113
30.225146,1000,482.933985
137.723735,779,484.315396
140.916256,567,485.276045
90.26717,935,487.255733
-22.820067,501,488.162036
125.509612,550,488.935887
148.512333,480,489.498376
94.739351,567,490.208738
142.782441,555,491.462538
130.092174,518,492.080189
112.302072,494,492.516442
144.431087,604,493.723805
139.81901,536,494.645499
16.424922,1000,497.221826
45.526337,1000,499.66196
116.096135,471,500.282146
162.095715,573,501.083866
144.458397,653,502.744776
153.682891,649,503.959508
132.455426,549,504.755408
80.786937,587,505.632242
137.267604,505,506.821784
153.68896,477,507.533934
62.449964,668,508.460886
-8.499686,1000,510.304334
124.531088,530,511.177949
77.924954,593,511.896889
-59.08007,1000,513.327713
132.755354,873,514.412075
160.17113,837,516.841566
115.684845,549,517.467178
161.054165,585,518.123475
-4.349913,420,518.516786
173.75899,528,519.44239
124.641979,550,520.326926
10.080662,477,520.785167
51.502058,1000,522.438146
141.446085,576,523.104016
168.895203,617,524.032437
145.833488,532,524.83281
183.84641,517,526.077193
104.616149,524,526.878188
122.06336,520,527.689563
97.618394,833,529.677413
100.444689,495,530.293613
140.602098,378,530.716009
93.692202,457,531.271118
140.867423,542,532.158002
106.976948,622,532.8624
91.572484,648,533.738059
48.469472,1000,535.404923
158.741179,434,535.999899
160.866566,518,536.766265
155.735091,560,537.549979
99.42426,595,538.71274
156.307776,532,539.644243
85.022227,575,540.379862
68.310064,1000,542.307217
159.011481,516,542.841973
146.604345,687,544.030323
-25.381583,1000,546.136473
118.131751,446,546.747721
156.657301,543,547.616136
168.086743,537,548.784095
-19.191752,1000,550.30953
170.641881,554,551.098055
74.74438,649,552.012146
128.078405,543,552.918707
59.280261,1000,554.257234
37.163138,435,554.893256
140.570417,517,555.569722
163.471613,516,556.453613
153.937218,632,557.074952
150.243915,543,558.173222
182.905648,530,558.976143
96.047701,626,559.707891
53.544847,1000,562.106677
86.502023,658,563.011197
172.806069,500,563.847699
127.892949,556,564.850754
-2.664118,455,565.358214
-15.045916,1000,566.853472
118.903744,639,568.434557
160.961231,639,569.461651
142.767621,546,570.398049
29.81321,1000,572.236196
59.74101,1000,575.10088
174.791794,622,576.321647
138.441307,555,577.668088
130.297254,564,578.657651
154.731929,560,579.506691
145.117397,616,580.515684
83.226715,548,581.432308
173.666697,657,582.601529
24.924265,1000,584.823716
147.876377,527,585.43485
93.25708,809,587.427804
59.225358,724,588.778646
18.410412,1000,590.392859
20.605418,1000,592.425746
189.32038,543,593.028736
44.854527,1000,594.831157
162.613925,579,595.926701
142.6374,526,596.857109
100.523336,530,597.674625
111.913572,649,598.741891
112.506672,657,600.057911
146.421809,543,600.787764
137.899418,552,601.695868
92.842698,590,602.671544
147.581182,702,603.999151
40.858381,422,604.458749
47.614833,1000,606.374669
191.372998,484,607.084864
120.634027,584,607.823604
17.829949,1000,609.733429
164.90679,533,610.520491
33.774572,1000,611.712538
99.965054,962,613.357551
4.040549,414,613.760446
107.099464,606,614.972579
109.708641,504,616.05163
-12.101153,333,616.407796
173.696554,641,617.093251
126.508905,564,618.169064
-0.362277,1000,620.340974
176.149066,568,621.260731
16.644187,1000,623.636079
126.282031,546,624.14637
114.17126,558,624.864919
116.760629,701,626.114428
153.824475,491,626.937824
110.950318,697,628.002266
197.079778,527,628.787427
179.076794,489,629.710671
137.07845,576,630.292304
160.941549,528,631.189822
154.937655,525,632.13935
132.018346,482,633.112845
160.54044,555,634.066031
140.21705,533,635.044393
140.277338,556,635.706633
148.786256,887,637.887268
152.157726,561,638.641891
98.359832,576,639.591766
29.763231,1000,642.664815
167.500311,532,643.566732
114.867918,512,644.27696
152.888736,673,645.216722
93.68447,569,645.915957
98.148367,579,646.918336
156.34821,489,647.92338
62.253311,1000,649.416746
84.292397,662,650.293354
151.466659,574,651.498906
90.768092,746,652.729317
20.860898,1000,654.690541
105.80995,548,655.848573
118.295084,487,656.569213
134.648616,484,657.365412
164.896547,537,657.987727
170.044491,463,658.750085
33.878999,403,659.192936
114.695304,486,659.922269
144.13794,564,660.969481
125.698983,491,661.848439
107.888235,664,662.710815
63.568327,1000,664.84082
141.869465,606,666.055475
143.703615,502,666.765561
138.959813,535,667.482388
26.581708,414,667.798635
152.05198,507,668.856566
185.184411,623,669.605247
115.362977,553,670.490452
104.85198,730,672.294622
45.401771,1000,673.843104
107.950503,559,674.585182
0.565799,1000,677.259032
1.926489,1000,678.70226
126.910937,529,679.765215
102.072787,553,680.560544
178.088551,563,681.276984
178.683774,517,682.063697
133.496197,496,682.984122
116.720664,598,684.076362
20.013789,1000,685.534556
114.99886,456,686.302767
151.780263,496,687.092293
163.454064,731,688.178335
110.109729,659,689.27331
129.004795,502,689.98419
116.193568,608,690.697186
39.492171,507,691.160641
11.17035,291,691.711723
140.180398,552,692.307057
36.299432,1000,693.636822
165.221645,530,694.729487
154.047021,766,696.132311
122.535518,466,696.812658
106.745833,514,697.605331
11.009416,416,698.369061
146.736994,452,698.847366
117.166009,691,699.622349
135.751589,526,700.413396
141.90663,500,701.52849
68.483621,1000,702.902955
119.543511,788,704.192102
175.737311,447,704.806368
165.6472,527,705.628185
125.092485,514,706.470469
131.358517,533,707.701069
-98.208306,483,708.225244
153.38874,487,708.913927
-29.444699,1000,710.325238
150.79362,511,711.207733
-8.740687,1000,712.737095
169.106985,472,713.344213
129.470342,986,715.068556
39.116556,1000,716.935236
196.412427,510,717.852533
119.042867,481,718.625766
147.988267,395,719.045385
152.878832,386,719.454231
163.456021,563,720.673545
21.010085,405,721.172256
161.602015,528,721.985315
122.756571,408,722.437756
-29.433736,1000,724.652938
93.215025,533,725.356874
110.212101,611,726.234158
23.99756,455,727.102736
-45.327396,429,727.698771
155.069728,500,728.441998
9.072469,1000,730.334984
101.89752,500,747.326576
2.084506,284,753.870546
118.850775,557,754.725606
128.658431,524,755.330881
-37.268979,435,755.817478
121.329273,580,757.183182
166.512413,479,757.652773
130.130274,660,758.800567
-6.196198,1000,761.850939
-104.145896,676,762.965644
139.508208,940,764.871991
105.190968,529,765.835079
17.980715,1000,767.560057
140.381469,513,768.274373
156.742777,495,769.289466
99.229347,507,770.014894
157.302397,493,770.77205
-100.232922,539,771.246303
171.515993,483,772.267054
134.970845,500,772.939039
149.612134,527,773.611418
20.546003,1000,776.390252
126.932215,518,777.001067
88.913558,537,777.848215
0.920152,492,778.607278
171.393013,491,779.594097
-11.650385,511,780.145478
153.224628,485,780.599842
128.056268,480,781.324616
81.592441,535,782.499724
143.373379,624,783.831071
121.476502,528,784.652256
117.306695,799,786.859242
156.293325,518,787.788332
122.071397,537,788.484612
92.785074,525,789.176809
29.070589,1000,791.609031
123.171733,524,792.178411
168.113297,514,792.85378
128.927731,466,793.827866
112.15293,487,794.553026
74.427879,668,795.29407
7.540581,1000,797.010456
26.982111,1000,798.892869
142.308932,510,799.801224
-139.914958,1000,801.787576
125.555859,668,802.964019
122.454183,504,803.647376
-80.252967,1000,806.09542
2.130883,448,806.599824
127.800701,481,807.071198
105.174412,517,808.143664
105.719268,997,809.873678
162.310169,514,810.632499
115.883629,448,811.443711
75.859315,496,812.05663
30.677241,674,812.765143
-13.779688,423,813.291021
91.61481,530,814.483531
-69.688493,1000,817.246704
114.734441,579,818.151734
55.535121,652,819.201511
12.828963,290,819.443964
162.533627,511,820.136285
95.062523,680,821.376402
91.82942,956,823.878337
138.869604,530,824.585564
-205.934286,997,827.096562
116.340058,510,827.731129
108.40006,565,828.761139
89.66962,552,829.513476
77.518885,451,830.375358
10.728548,1000,831.914797
19.634361,1000,833.701249
141.566379,461,834.437561
100.953786,546,835.258432
71.34875,539,835.931704
36.497605,1000,837.511957
139.697004,532,838.209632
158.79026,526,838.882655
-31.349933,493,839.737448
-38.967683,662,840.306108
12.331259,1000,841.797013
128.678216,473,842.491374
97.647025,480,843.087721
-24.202147,1000,844.63136
-27.513651,409,845.31912
76.708533,671,846.156806
-8.982615,411,846.632552
14.184081,406,847.028642
-60.538204,720,848.214211
79.932598,570,848.848755
121.527518,630,849.595375
117.694248,519,850.456862
-10.269692,350,850.727534
95.136518,445,851.215142
-109.724801,535,851.823341
-77.334712,532,852.320972
98.397349,529,853.369974
57.811341,562,854.427529
0.092312,1000,857.201164
-13.892701,431,857.674089
78.362702,505,858.284885
42.510631,1000,859.236798
-26.377149,504,860.266562
82.7396,574,861.022844
33.892306,403,861.393578
24.980777,330,861.729889
15.493769,230,861.927427
41.645301,1000,864.889992
114.100391,674,865.783471
-25.756849,1000,867.798429
166.686093,544,868.656664
79.334664,626,869.218493
85.612682,491,870.197916
144.628344,822,871.387904
145.881453,503,872.039221
-31.576525,739,873.571887
-20.306073,440,874.092524
56.800913,590,874.976486
38.047668,1000,876.986588
118.873532,685,878.030204
79.247777,598,878.76396
92.865917,567,879.558494
55.681305,649,880.693088
129.01259,715,882.057526
163.826292,488,882.832943
157.839003,516,884.065458
141.342196,536,884.849792
14.361094,432,885.331045
7.425735,1000,886.974107
126.780518,551,887.886948
175.531192,494,888.630534
160.871116,526,889.396857
155.522329,498,890.445774
91.191606,533,891.326488
-31.854214,455,891.86884
129.141163,508,892.578145
149.571705,500,893.502685
154.215222,653,894.239204
-12.300497,477,894.743338
120.333893,787,896.792893
181.101323,485,897.387011
-16.48694,488,898.055248
114.933459,527,898.686108
96.872237,545,899.480128
137.08804,581,900.631145
180.712279,560,901.400308
15.645212,440,901.923133
146.073084,529,903.083184
115.803597,444,903.652595
99.822851,563,904.352629
129.691038,818,905.339995
95.171625,592,906.52169
128.351007,606,907.675083
144.283659,516,908.286143
103.475658,600,909.36779
-38.751944,441,909.816846
116.041926,551,910.62738
42.417913,1000,911.901363
4.064449,1000,913.564064
-30.521667,494,914.101028
154.197461,554,915.210319
114.527623,528,915.843851
139.833227,409,916.357116
102.153461,618,917.315539
100.316083,553,918.483082
10.287912,445,919.017661
-4.490895,452,919.485256
-34.477294,1000,921.469546
138.43818,570,922.486519
-50.456128,1000,925.67782
126.70752,509,926.454438
89.252247,695,928.122571
140.074558,563,928.760311
124.205855,470,929.349181
135.111447,524,930.441997
201.009546,459,931.041991
146.711646,645,931.783494
62.444623,604,932.577222
112.105084,494,933.507305
-21.035936,494,934.107016
17.126681,1000,935.950612
148.340169,485,936.87589
134.960125,521,937.787435
146.598955,466,938.219097
-96.604528,344,938.514197
82.201738,655,939.787899
137.94058,610,940.618548
145.590261,660,941.251575
141.201744,596,942.570897
142.300646,561,943.223974
157.378528,539,944.127849
129.963681,496,944.734046
150.45356,538,945.798065
147.362365,405,946.173564
117.860815,520,946.853216
132.66156,597,947.688638
146.290622,513,948.522765
56.910114,1000,949.980191
-79.581116,1000,951.595134
140.273771,999,953.578445
95.684918,571,954.323352
107.689839,542,955.286112
151.958246,574,956.170989
-76.228408,485,956.685982
75.792694,485,957.344403
61.0511,598,958.393745
148.78899,513,959.213459
180.107609,521,959.920872
109.370791,691,961.029644
170.639091,521,962.134213
167.994257,578,962.957601
102.976585,545,963.849151
169.264305,467,964.422579
24.024668,1000,966.82607
55.676208,1000,968.226874
111.076074,473,969.162048
161.57505,544,969.842388
131.400503,467,970.551649
103.00174,671,972.117778
101.840969,656,972.72716
131.273244,577,973.687491
-44.046687,521,974.174492
167.498667,527,975.064783
156.037451,712,976.020525
62.861492,525,976.885494
122.889225,485,977.558279
-4.699895,402,978.210138
-16.67245,467,978.895537
114.834514,595,979.746486
105.395908,534,980.613719
125.414787,533,981.668427
62.216362,571,982.64384
-134.534487,624,983.396681
153.651886,561,984.669118
120.355176,524,985.401041
-30.093809,443,985.949073
9.45714,467,986.478354
101.505043,607,987.529883
181.647823,596,988.345751
173.100103,517,989.118851
138.144938,558,989.956627
-36.071825,478,990.902761
8.217297,1000,993.846375
140.870332,524,994.642215
163.849465,549,995.591147
82.667518,589,996.561448
8.606688,1000,998.681359
137.067966,532,999.668594
150.414865,542,1000.53175
62.7921,602,1001.43159
113.137904,765,1002.930412
102.691906,567,1003.821177
184.015675,624,1005.021056
153.753835,671,1005.855202
120.543214,504,1006.841975
136.915935,742,1008.616272
-9.558712,458,1009.191172
36.04761,1000,1011.747934
96.599257,662,1013.020508
-11.548246,469,1013.527225
95.426661,612,1014.806785
-2.267478,1000,1016.008092
172.919033,540,1016.762465
1.340097,1000,1018.239118
153.747645,495,1018.919448
103.428258,570,1019.686698
101.257459,568,1020.970145
109.442526,560,1021.873658
115.46461,516,1022.599199
125.108145,552,1023.4536
123.46682,647,1024.75688
136.254013,622,1025.862139
96.876183,686,1026.751807
145.100021,536,1027.860728
-9.128705,337,1028.198713
-67.543653,719,1029.089351
116.838221,559,1029.700015
98.933701,572,1030.769175
119.372046,624,1031.462456
75.146085,583,1032.055208
126.955775,554,1033.316979
107.517506,547,1033.922947
19.588096,427,1034.459032
74.910726,589,1035.426803
99.178713,726,1036.59377
159.828763,486,1037.267442
18.043651,1000,1039.503947
-3.084427,354,1040.169543
-170.550116,437,1040.586893
31.914817,1000,1042.445202
95.564736,668,1043.727224
109.360377,544,1044.647555
55.460963,693,1045.327315
164.398888,564,1046.362035
19.55103,329,1046.689914
-2.360652,423,1047.196709
100.800056,551,1047.853121
124.348457,570,1048.67195
-10.374507,450,1049.331259
91.14294,583,1050.153909
72.510827,576,1050.942575
121.484763,474,1051.462022
113.053897,553,1052.770039
140.651266,621,1053.859399
-6.969547,362,1054.325071
141.312681,549,1055.447407
131.743264,497,1055.966417
108.358933,527,1056.878636
98.514125,955,1059.522073
173.273144,526,1060.391747
156.901316,560,1061.215372
96.064731,516,1061.920403
-5.757188,459,1062.532801
137.175368,503,1063.589056
141.355703,555,1064.368992
138.142599,497,1065.114497
141.436525,660,1066.226561
96.696166,891,1067.659266
168.573837,504,1068.321391
44.192868,1000,1069.864065
75.705881,734,1071.19573
106.346537,515,1071.99572
142.570438,401,1072.772112
155.424021,570,1073.445081
89.665261,614,1074.376544
98.005083,467,1074.872457
169.428686,554,1075.975101
121.653457,516,1076.579565
-9.154903,329,1076.863734
-41.018888,410,1077.325859
141.307484,569,1078.559502
103.700023,955,1080.128624
132.122698,522,1080.850562
106.631063,637,1081.988903
153.798651,573,1082.669547
126.669656,605,1083.305102
-26.045501,365,1083.702276
115.736441,434,1084.567773
162.050474,564,1085.272029
-51.729038,522,1085.873951
89.375626,523,1086.495644
82.239622,580,1106.579793
104.272734,602,1114.526133
145.73177,541,1115.311056
139.230634,471,1115.926402
146.664615,394,1116.410285
102.141676,747,1118.215462
-70.702064,546,1118.792836
-22.299238,395,1119.201371
123.402617,613,1120.447156
130.781462,886,1122.022045
58.116847,657,1122.798296
143.7651,867,1124.217734
127.480746,619,1124.832259
163.489056,552,1125.571624
55.472871,596,1126.805616
97.264541,482,1127.553672
127.659586,528,1128.258429
28.889509,996,1130.007087
101.726935,615,1130.769163
152.394109,552,1131.658437
181.2699,497,1132.220359
140.770492,515,1133.392573
131.182616,448,1133.805829
131.112896,558,1134.896722
114.486602,521,1135.718164
142.613966,636,1136.950809
96.626848,548,1137.520126
166.913771,538,1138.348244
136.713225,478,1139.365705
139.629448,544,1140.25346
106.66081,535,1141.177913
112.156401,393,1141.69237
-28.596255,416,1142.201856
116.249655,915,1143.633232
-34.093904,521,1144.209035
-16.254014,407,1144.763617
129.39629,554,1145.799948
139.572503,524,1146.648955
104.836677,930,1148.760826
5.170264,450,1149.587426
-7.939437,419,1150.127263
114.116232,535,1150.91152
91.902584,592,1151.736157
88.941596,491,1152.584141
121.662814,464,1153.395775
23.386625,1000,1154.526094
-103.039277,562,1155.325883
135.664509,457,1155.750671
22.856239,493,1156.209876
150.129524,464,1156.839982
91.745795,791,1158.558598
-1.377923,366,1158.980015
102.959746,498,1159.631587
131.41681,582,1160.493089
108.108714,531,1161.536402
101.679881,546,1162.427614
0.903857,475,1163.0221
159.352112,515,1163.87622
-3.837964,597,1164.981883
80.172837,508,1165.554367
123.993691,521,1166.318509
7.568884,1000,1167.939014
98.988739,471,1168.565984
151.9594,586,1169.286385
102.625002,622,1170.241873
151.154493,451,1171.158689
95.135766,517,1171.775804
81.278587,587,1172.545131
119.700962,465,1172.986251
66.094124,608,1174.198295
41.230313,386,1174.596882
139.007829,507,1175.1442
-13.203937,456,1175.711324
164.987061,507,1176.545976
-22.376136,483,1177.076788
176.014282,564,1177.871224
86.903512,541,1178.742089
134.339392,547,1180.040825
65.472034,602,1181.023388
158.389134,588,1181.945516
-25.281976,508,1182.68876
146.631581,536,1183.68629
77.681743,575,1184.235618
103.415485,888,1186.015031
131.492951,588,1187.101843
163.2213,558,1187.870992
-24.973703,436,1188.383911
128.683941,559,1189.154544
144.648906,571,1190.307311
8.179205,270,1190.499042
32.811221,773,1191.5803
166.290786,501,1192.526304
96.969535,540,1193.075638
96.77227,552,1193.747513
172.20391,561,1194.51783
150.750953,543,1195.511875
158.088796,510,1196.28505
141.798814,549,1197.012822
-12.312654,372,1197.403079
101.923542,589,1198.598503
10.805675,1000,1200.646352
6.002333,344,1200.953158
157.189238,541,1202.047298
149.254664,629,1203.138257
123.55016,486,1203.780997
12.798423,1000,1205.854938
112.457846,722,1206.910189
96.540655,611,1207.756058
108.936209,519,1208.586646
173.19579,630,1209.644108
144.082459,459,1210.287625
101.65339,642,1211.419647
116.690845,533,1212.290672
130.179702,486,1212.860726
56.711865,1000,1214.580279
119.607138,552,1215.803789
153.530797,556,1216.659971
1.880534,1000,1218.823241
114.335485,563,1219.803025
89.819586,764,1221.009732
34.761945,1000,1222.520797
98.923174,522,1223.602846
95.571934,717,1224.481447
125.699952,571,1225.233166
109.510591,585,1226.192033
151.00041,555,1226.869961
137.9585,532,1227.414079
125.742821,612,1228.320536
-23.877002,433,1229.183324
87.740577,581,1230.182616
131.020014,512,1230.78918
123.093447,608,1231.672484
126.233378,615,1232.889695
155.662198,557,1233.718495
146.52957,526,1234.577077
132.680858,569,1235.679862
119.291268,573,1236.289412
55.446229,602,1237.142545
29.18011,1000,1238.642561
108.854051,514,1239.349329
138.541336,467,1239.815205
109.965141,505,1240.31553
56.326258,661,1241.534958
146.516446,454,1241.949593
178.553935,579,1242.88683
129.744334,522,1243.655828
92.941894,669,1245.120111
133.093945,893,1246.654479
102.368715,673,1248.198737
55.498319,685,1249.531942
101.133996,841,1250.631842
122.904612,853,1252.654098
76.236141,589,1253.328039
69.811443,523,1254.044812
131.490765,556,1255.164179
77.848773,635,1256.125554
28.028796,441,1256.695631
145.998413,579,1257.331203
133.132109,585,1258.623257
139.379501,431,1259.054857
101.012165,543,1259.942827
130.377011,536,1260.894934
161.80967,551,1261.907326
11.069343,214,1262.055326
41.32576,635,1262.787372
110.147387,664,1263.798646
88.47219,590,1264.871171
105.963489,598,1265.839329
138.894555,846,1267.019284
148.776882,588,1268.042384
128.009396,549,1268.747924
-25.634946,432,1269.292663
167.892674,535,1270.23837
126.430159,577,1271.49317
0.461189,501,1272.059732
197.323409,633,1272.668472
140.059026,481,1273.39788
130.926899,512,1274.41014
135.411099,531,1274.902548
133.287519,542,1275.775035
103.541307,613,1276.685419
166.429901,546,1277.314517
128.145888,613,1278.023623
79.571978,514,1278.710114
145.016931,531,1279.573941
172.750481,547,1280.263818
97.491296,892,1282.343356
115.222456,489,1283.269538
130.46828,618,1283.941741
2.452084,221,1284.087214
119.740971,510,1284.78799
3.258198,281,1284.984544
88.160468,969,1286.920597
46.980906,1000,1289.121
134.697551,550,1290.324418
123.479556,502,1290.947335
12.766487,438,1291.37862
148.477562,557,1292.1056
47.11367,731,1293.268269
124.19804,604,1293.896372
163.217478,515,1294.648426
94.441413,839,1296.078995
69.87793,624,1296.896515
160.799273,561,1297.659158
133.351884,532,1298.174085
182.982331,541,1299.226784
57.611342,544,1299.765285
-26.281589,377,1300.126246
148.859579,565,1300.867865
92.253903,478,1301.65439
83.286693,566,1302.639138
46.667782,1000,1304.716655
88.680265,628,1305.96923
138.713113,565,1306.802539
143.206162,543,1307.326824
118.554164,552,1308.507464
143.63095,499,1309.087291
174.797667,524,1309.807716
171.608418,523,1310.670907
100.614029,415,1311.414762
18.824534,502,1311.84114
-78.894726,542,1312.41856
39.888407,1000,1315.369157
89.021091,485,1315.98441
90.873916,544,1316.682444
160.526555,562,1317.353198
-21.688918,576,1318.435737
103.689334,667,1319.268629
-15.485852,495,1319.73386
134.541968,565,1320.394093
164.145883,537,1321.344527
17.775491,676,1322.149326
192.943473,582,1322.769692
108.704534,577,1323.949702
75.385481,655,1324.948758
137.543573,549,1325.592085
116.714382,421,1326.037655
113.241853,534,1326.915118
105.536108,541,1327.630271
168.067564,574,1328.335624
98.286154,537,1328.84621
118.940669,462,1329.721027
143.305016,525,1330.534912
109.650083,509,1331.202308
139.733709,488,1331.952218
130.486149,595,1333.071208
139.56625,577,1333.896635
109.671785,644,1334.989454
-187.040419,545,1335.756985
110.89421,548,1336.542263
106.887258,589,1337.309521
146.554415,550,1338.113213
158.155263,513,1338.962937
20.333734,519,1339.558544
150.356961,667,1340.304499
157.116634,613,1341.598917
117.774597,570,1342.619039
-19.869093,480,1343.224261
51.339539,729,1344.313608
96.503761,476,1345.292529
73.038463,682,1346.42502
112.641689,948,1347.854418
167.923011,552,1348.816702
95.838972,538,1349.638677
48.649706,574,1350.602293
132.84585,568,1351.178221
148.906419,546,1352.246182
-115.89023,497,1352.730378
164.157714,597,1353.366612
119.040955,556,1354.407464
114.473366,584,1355.12312
170.334953,534,1355.828179
113.360202,516,1356.341109
80.163803,610,1357.389083
-41.465541,460,1357.947886
125.335426,536,1358.650774
172.217858,555,1359.410793
167.921527,546,1360.384352
95.365053,591,1361.12061
186.01785,598,1362.01629
127.784038,582,1362.910204
-42.032373,406,1363.29049
92.166706,512,1363.778521
7.689352,1000,1365.163496
94.321877,492,1365.964226
90.929294,842,1367.211078
119.183585,553,1368.09228
156.831308,565,1369.068492
35.018108,1000,1370.773526
-2.87243,190,1370.906517
141.597476,584,1372.119655
87.319506,666,1372.958662
115.44214,528,1373.471864
-83.043072,396,1373.835774
192.347603,568,1374.894362
110.338283,764,1376.318474
149.225359,599,1377.121979
156.484163,753,1378.541557
157.683563,536,1379.204105
-40.381935,503,1379.906026
89.165721,508,1380.488215
72.512554,489,1381.307798
95.798034,697,1382.703015
-22.153643,1000,1384.334376
111.303943,576,1385.409778
-2.741023,211,1385.571653
24.005056,650,1386.410501
88.599786,448,1386.913645
88.645902,662,1388.538766
-53.34851,528,1389.292442
113.805697,623,1390.034772
124.638753,671,1391.247489
-112.823296,456,1391.73878
163.663064,549,1392.439342
8.593014,1000,1394.60421
89.729304,505,1395.410878
-57.368829,409,1395.843526
114.15541,539,1396.709066
121.855127,695,1397.830585
170.134323,550,1398.703671
66.421814,549,1399.53696
187.818552,541,1400.154852
96.627056,603,1401.248228
118.92692,544,1401.893726
150.362365,536,1402.713967
167.56767,572,1403.805574
-6.849237,329,1404.107107
159.737446,544,1404.964114
69.78866,601,1405.62605
-9.087252,249,1405.816623
124.820398,544,1406.888213
68.068308,578,1407.577723
64.857347,1000,1409.051049
89.291566,516,1409.918124
178.789991,569,1410.543891
153.054851,514,1411.367068
94.528813,523,1412.062448
-21.270184,1000,1413.727574
-2.681467,272,1413.941868
113.031012,554,1414.722248
107.824375,590,1415.635227
102.144828,598,1416.691356
133.355256,483,1417.32309
124.349899,695,1418.317839
130.749489,945,1420.091965
7.219451,232,1420.262331
135.978566,930,1421.524686
160.873336,537,1422.29872
63.353303,602,1423.000596
83.457789,597,1424.071317
139.822592,545,1425.264551
-149.977596,516,1425.751815
21.061841,1000,1426.901765
158.828834,572,1446.466234
150.439133,619,1454.226909
64.29526,592,1455.070629
81.806948,698,1456.171259
179.917181,563,1457.256114
37.299287,1000,1459.72739
65.896668,631,1460.842855
141.337552,521,1461.514454
148.281378,574,1462.243593
-53.635257,401,1462.596241
159.054783,547,1463.776233
-13.446724,341,1464.091649
69.929494,611,1464.950188
174.949434,547,1465.665645
131.822454,596,1467.035057
71.10392,1000,1468.849795
104.68642,523,1469.591917
-61.175299,387,1469.99227
106.296126,585,1471.082972
91.546527,426,1471.592734
124.497522,522,1472.14484
-1.068086,320,1472.432814
-18.629049,297,1472.95025
138.832488,622,1473.613581
180.280597,572,1474.238053
96.747846,556,1474.810766
151.855954,602,1475.951136
138.853346,504,1476.435989
96.325436,519,1477.143509
111.13492,587,1477.662918
141.763497,514,1478.43775
65.248515,554,1479.285377
51.555432,594,1479.889407
165.742448,583,1480.827443
148.566662,526,1481.532926
74.485865,604,1482.459244
95.037737,483,1482.966525
92.051938,654,1484.110138
94.58414,585,1484.789238
-60.123135,403,1485.213157
34.51518,717,1486.203891
141.360669,583,1487.037064
138.456925,569,1487.803099
169.994298,571,1488.50276
153.454578,564,1489.664263
107.215154,845,1490.757563
81.712111,444,1491.258191
3.773525,236,1491.43068
150.32185,551,1492.594665
22.35323,1000,1494.872539
100.819775,477,1495.522178
61.996117,504,1496.439198
155.074252,533,1497.125225
188.939461,580,1497.834667
24.835841,1000,1500.202058
152.378147,557,1501.055172
83.795343,561,1501.832492
202.949557,614,1502.385007
98.806896,541,1503.420975
151.849371,549,1504.229645
-183.840058,805,1505.023737
82.655524,558,1505.870311
64.64701,522,1506.538048
-36.513506,417,1506.963605
-17.87776,219,1507.124223
105.744916,485,1507.86359
9.151104,233,1508.308333
92.745673,555,1509.119485
-32.511941,336,1509.404234
-47.047693,455,1509.830047
93.470102,644,1511.11756
165.905835,611,1511.918051
49.36573,744,1512.771971
134.049239,529,1513.596419
115.882698,557,1514.73974
111.583056,553,1515.591166
14.948298,477,1516.22604
32.454295,322,1516.50981
129.443111,607,1517.706317
154.390382,562,1518.378858
87.946124,555,1519.002903
168.352627,541,1519.704399
114.581692,513,1520.760003
135.03914,588,1521.52765
95.436041,576,1522.055139
171.467785,579,1523.124393
-120.488825,525,1523.780571
150.607896,573,1524.768611
170.746214,643,1525.575763
115.641752,577,1526.719437
162.63513,681,1527.418404
4.274234,563,1528.089849
153.027316,556,1529.209363
92.418703,556,1530.066849
93.832924,558,1530.630221
138.392512,335,1531.010101
136.211932,566,1532.143047
97.7564,600,1532.971959
58.880594,585,1533.510824
-31.823555,330,1533.817312
-14.104044,358,1534.411666
-21.034482,388,1534.888775
108.572203,560,1535.580139
74.883387,602,1536.534081
99.094871,593,1537.637102
81.230142,603,1538.37507
126.347806,565,1539.066011
1.571316,236,1539.239223
123.695881,513,1540.113705
82.576094,606,1541.402647
86.622262,650,1542.60544
-6.086366,393,1543.008755
108.605779,737,1544.321687
13.202223,298,1544.587825
100.166453,558,1545.107249
159.041429,657,1546.379416
60.72493,572,1547.358105
145.693825,593,1547.951266
141.37248,524,1548.789281
54.104945,624,1549.673948
110.875997,555,1550.458328
117.556863,581,1551.301541
0.090843,239,1551.481609
118.129575,800,1553.014526
146.982018,567,1553.8952
178.665288,586,1554.668229
177.567275,567,1555.535287
154.972585,568,1556.531835
117.906703,663,1557.621188
9.813438,1000,1559.681117
127.009927,526,1560.406965
150.787916,547,1561.401536
-63.526314,439,1561.818166
-28.341129,300,1562.058295
137.592066,569,1563.266487
178.65769,668,1564.162808
-3.267311,212,1564.302807
-24.252102,265,1564.527112
147.757463,573,1565.67816
-166.416927,497,1566.153156
115.828007,700,1567.517587
-30.050426,298,1567.745651
151.652212,633,1568.557311
82.565153,451,1569.069966
31.099422,493,1569.518405
130.9596,618,1570.757565
-20.281225,1000,1572.470384
-21.393098,295,1572.734308
161.351893,593,1573.516914
-144.743624,598,1574.444377
57.810623,510,1575.199584
-110.231168,779,1576.184724
155.484515,680,1577.261613
101.922162,621,1578.289391
-7.903544,241,1578.455593
154.774593,555,1579.342058
163.545837,621,1580.514807
180.088758,564,1581.525115
91.135613,538,1582.330164
193.831206,618,1583.369119
154.470263,595,1584.533719
129.34423,564,1585.285182
92.158015,625,1585.947563
112.656239,644,1586.96833
-5.537385,221,1587.144082
45.727653,556,1587.966503
-44.704674,305,1588.22408
138.602801,547,1589.207681
159.257593,590,1590.335704
97.130493,533,1591.169847
210.135318,573,1591.890971
190.77602,566,1592.563741
85.968723,597,1593.63997
167.410237,570,1594.610742
-2.340307,270,1594.837399
77.391438,688,1595.775605
101.249642,566,1596.66019
56.100851,1000,1598.99985
-33.033031,467,1599.57279
-34.083047,251,1600.065708
-39.118827,1000,1602.321844
-151.066111,553,1602.960548
126.894648,610,1604.220826
115.399795,653,1605.209076
94.142105,568,1605.996548
113.403067,549,1606.826179
28.433776,1000,1608.950279
72.605384,544,1609.682069
-22.401319,300,1609.974122
71.199511,527,1610.991421
110.508058,752,1611.94951
113.386177,530,1612.69395
-42.593222,439,1613.135272
0.605033,159,1613.514552
94.385676,672,1614.624477
167.152171,573,1615.238158
55.140305,570,1615.962615
126.184498,547,1617.182061
47.254828,530,1617.955553
-161.225083,480,1618.385819
-71.39201,491,1618.860773
-25.345765,351,1619.481839
85.226288,514,1620.075682
194.581834,642,1620.792649
79.056775,515,1621.526233
-16.175638,270,1622.05626
119.825345,620,1623.052249
6.313071,228,1623.235587
-36.620678,1000,1625.690385
73.657543,602,1626.685949
101.779961,453,1627.200631
122.131106,704,1628.397321
56.424119,550,1629.535007
101.083784,523,1630.152161
-7.908252,200,1630.292825
-11.46496,200,1630.424669
-48.166471,390,1630.875613
-82.76383,520,1631.565268
171.040837,625,1632.933812
-4.322234,174,1633.041737
-6.648442,198,1633.177509
-63.737308,388,1633.621324
163.595831,604,1634.393446
-68.005344,499,1635.224741
-41.922015,300,1635.523753
92.638741,454,1635.967675
-5.672307,196,1636.111678
160.995204,702,1637.113056
-65.007846,423,1637.637776
67.768906,467,1638.258828
-15.314012,415,1638.711986
98.846067,570,1639.551297
153.617829,685,1640.44597
175.16125,606,1641.146858
57.632809,552,1642.150729
-74.393914,441,1642.851485
181.301148,575,1643.84436
155.633579,698,1644.921364
140.459692,545,1645.63103
85.224927,502,1646.617698
187.506866,631,1647.403166
-17.782166,500,1648.002513
159.527995,588,1649.148709
-17.071697,400,1649.631658
93.945179,442,1650.201881
87.098301,493,1650.908175
-68.56526,404,1651.373338
-24.118313,328,1651.96446
122.20827,574,1652.687992
167.908676,648,1653.779991
181.489844,600,1654.767891
129.524206,679,1656.289135
94.239068,477,1656.93451
71.980464,579,1657.765029
25.683139,538,1658.7482
92.910923,807,1659.924574
156.115,546,1660.754324
124.07112,638,1661.498661
55.308452,664,1663.028863
-39.328456,418,1663.372328
114.638576,655,1664.524371
125.024041,578,1665.598568
-9.450382,1000,1667.639168
88.518706,599,1668.452102
-10.108903,339,1669.062162
129.548881,591,1670.019041
198.233936,605,1670.783812
69.468009,501,1671.382625
172.205941,564,1672.641546
-28.604035,381,1673.018671
-16.591229,368,1673.369839
178.044679,553,1674.00937
89.802209,533,1674.929917
-17.334211,203,1675.061909
162.6146,560,1675.752764
180.30051,600,1676.574959
-50.353545,348,1676.947766
136.692253,570,1678.190122
169.353768,555,1679.031004
145.817473,511,1679.834776
72.029011,537,1680.397494
-24.075351,343,1681.006723
-28.554741,320,1681.248453
73.246341,1000,1682.736686
51.308825,610,1683.987078
19.961858,698,1685.087917
-26.27785,299,1685.333183
178.518595,595,1686.237682
-30.38867,325,1686.85444
-29.386012,309,1687.119419
120.114907,538,1687.761525
-110.816439,491,1688.364405
115.751301,747,1690.422728
161.817945,605,1691.041191
156.54858,961,1692.167668
185.703561,625,1693.462327
118.398355,629,1694.270825
148.779063,550,1694.855289
119.248368,560,1695.640862
100.337845,628,1696.701979
68.637173,530,1697.409424
93.264509,691,1698.558174
46.40217,586,1699.788228
113.890014,607,1700.474301
22.831569,519,1701.12003
169.915538,617,1701.889921
45.401553,1000,1704.370465
85.826902,769,1705.963799
103.356399,490,1707.006758
11.065727,207,1707.144338
-14.906944,218,1707.315666
-16.149404,271,1707.534004
117.389979,525,1708.406115
115.549863,548,1709.118565
101.583731,461,1709.88443
100.942932,557,1710.477505
122.849141,576,1711.382842
-51.334153,376,1711.793175
-12.143388,198,1712.222737
89.166939,465,1712.806965
93.063532,492,1713.582045
56.927309,568,1714.269114
147.960752,770,1716.16784
73.37133,569,1716.825502
-57.968642,448,1717.357141
-22.940044,303,1717.652539
106.301648,983,1720.116268
122.474716,966,1722.150359
139.159809,645,1723.229076
92.592798,570,1724.127257
-34.678809,370,1724.604395
118.982175,594,1725.540617
132.157691,693,1726.950523
146.60697,535,1727.791612
-21.899468,191,1727.938238
41.872233,636,1729.101051
159.680194,578,1729.975848
-11.478767,1000,1731.828984
60.90492,668,1732.814471
147.802741,625,1734.10485
129.141328,581,1734.785928
-84.867227,441,1735.355062
49.982926,702,1736.470932
111.532871,606,1737.422899
69.494893,632,1738.346885
174.902781,583,1739.255952
106.020112,564,1740.383416
23.170957,600,1741.124798
198.9275,646,1741.974549
164.731117,590,1743.023839
165.225383,549,1743.803335
119.097404,558,1744.535066
-36.860035,388,1744.93994
138.642267,673,1746.319567
-40.907097,315,1746.629149
134.364263,556,1747.46325
-19.663249,324,1747.761784
129.695254,632,1749.080783
-0.113568,201,1749.227069
108.134477,563,1750.046294
126.554902,614,1750.752644
-30.53676,327,1751.042786
174.143197,597,1751.920934
117.048815,552,1752.530045
67.702746,568,1753.412967
25.909664,397,1753.800994
100.612997,605,1755.126073
100.111263,765,1756.670979
168.490216,573,1757.693729
42.800012,684,1759.024691
22.182594,765,1760.024706
124.593301,621,1760.636364
2.476617,213,1760.802953
187.200666,619,1761.810246
153.616642,555,1762.642083
142.302427,558,1763.408966
-10.540179,195,1770.551627
85.913656,463,1773.637143
99.37799,515,1774.243321
3.270799,1000,1776.377935
52.966905,572,1777.534264
-17.414576,1000,1779.257377
89.72035,472,1779.873551
114.011065,604,1780.964058
191.673902,586,1781.891491
-23.37191,311,1782.174588
15.844098,1000,1784.776054
90.083528,583,1785.742307
-0.561485,250,1785.976574
98.680553,566,1786.736509
168.32841,584,1788.088972
7.903679,255,1788.296027
159.803778,588,1788.942674
1.586954,197,1789.068227
0.537503,324,1789.307644
-120.203109,529,1790.276185
-18.641937,255,1790.500651
-85.436659,460,1791.009903
-73.647382,334,1791.332202
-23.234221,275,1791.564379
-69.536681,396,1792.052593
63.189306,487,1793.006567
147.485374,577,1793.84083
136.293414,594,1794.487129
-20.441838,353,1794.823656
149.645032,582,1795.801008
58.403972,617,1796.615926
184.093616,598,1797.461504
-40.440239,249,1797.641084
-55.527798,406,1798.306902
39.500012,540,1798.998001
13.672014,625,1799.932544
-60.876065,430,1800.365885
-13.465819,336,1800.938207
9.143066,290,1801.187943
54.276531,645,1802.081684
59.091625,551,1802.891713
39.449492,606,1804.201102
-26.38861,402,1804.625318
156.852461,577,1805.260503
119.211633,581,1806.130704
116.474097,570,1807.311485
-14.632705,312,1807.558607
72.425825,1000,1808.897196
165.279533,676,1809.912759
90.96311,626,1810.561221
86.587578,1000,1812.901681
-71.832896,357,1813.550322
189.641799,595,1814.473527
15.805818,562,1815.143724
110.844092,562,1815.919457
93.355891,856,1817.550497
73.683228,639,1818.634339
78.490541,572,1819.471947
-15.620429,335,1820.111439
-31.069369,382,1820.433856
-17.008679,386,1820.875839
183.615657,597,1821.621292
-12.685376,206,1821.779838
171.540407,571,1822.826115
146.396855,591,1823.499633
21.343782,901,1825.144407
47.19251,545,1826.016208
158.441524,561,1826.738462
-2.138013,302,1827.017076
157.729712,652,1827.772218
173.972637,603,1828.734339
88.615502,463,1829.317324
109.605671,555,1830.055888
168.080824,629,1831.078032
124.679912,475,1831.908413
-17.051942,253,1832.099496
41.792821,656,1832.774813
-2.473798,199,1832.91185
130.839265,595,1833.656879
100.802303,506,1834.634266
94.015411,515,1835.409325
171.936649,630,1836.192176
146.957379,600,1837.406114
-22.633346,398,1837.86425
-74.258485,547,1838.488061
7.814142,278,1838.73275
102.679243,937,1840.416749
-27.537541,311,1840.710388
175.628817,568,1841.337058
82.380239,626,1842.147131
3.005689,531,1843.258921
79.300704,521,1844.072406
154.931765,577,1844.953761
5.515008,302,1845.263654
151.052385,630,1846.631553
84.677045,589,1847.409198
-3.201746,198,1847.546045
35.155646,520,1848.288094
110.035343,498,1849.252185
-86.014074,539,1849.83829
-47.538367,536,1850.463436
100.103175,541,1851.147975
-37.946464,382,1851.521321
79.27214,482,1852.51383
-8.169889,1000,1853.783178
11.819697,1000,1855.223003
-39.021389,344,1855.572096
124.613078,582,1856.473729
70.689532,804,1858.611664
16.822995,1000,1860.333804
165.371689,574,1861.352986
117.563525,857,1862.969461
123.913904,567,1863.766167
66.595684,653,1864.826952
169.563087,547,1865.981986
17.919909,595,1866.652348
54.441771,649,1867.473887
73.737036,660,1868.683562
172.754512,569,1869.237636
-54.478368,502,1869.800632
156.755439,587,1870.669144
-49.97473,468,1871.579378
122.044065,578,1872.40635
131.490996,538,1873.225955
-23.511064,370,1873.636667
47.757939,574,1874.794229
63.050632,727,1876.090756
173.543364,658,1876.991125
161.751225,614,1878.097422
124.827193,705,1879.322067
-135.767553,581,1879.921699
127.574901,567,1880.859834
109.280944,664,1882.2554
83.035656,503,1882.829766
101.709436,618,1883.747866
113.060632,600,1884.956513
87.052829,595,1885.762239
-42.665407,348,1886.061303
175.384662,574,1886.807674
98.203165,530,1887.909107
-18.169841,278,1888.142691
0.905615,209,1888.289546
181.072303,605,1888.971325
112.313088,561,1889.729816
95.230928,702,1890.773756
18.155022,1000,1892.388315
174.46613,616,1893.340091
-9.77297,311,1893.661689
73.754594,630,1894.52642
151.56283,580,1895.175854
-56.525909,450,1896.017829
195.897168,631,1896.734161
153.722838,601,1897.397569
-47.907668,409,1897.768279
-23.17963,566,1898.638546
-7.915077,188,1898.765137
80.785223,606,1899.73108
180.154703,606,1900.372085
150.68181,572,1901.247388
-27.427108,307,1901.544265
147.564329,566,1902.458219
162.53665,541,1903.344707
124.260055,621,1904.44764
207.844994,592,1904.951065
82.499984,602,1905.775425
148.499953,624,1906.72873
172.576338,607,1907.911121
-15.393682,372,1908.203212
-38.482535,294,1908.445974
-43.834515,306,1908.712135
-37.691321,562,1909.401908
98.548789,727,1910.628506
-77.223726,440,1911.110166
155.043164,649,1912.12424
144.805486,581,1913.269809
-8.165006,223,1913.443421
86.412239,814,1914.950963
123.401517,572,1915.663151
87.093093,543,1916.640396
13.183102,280,1916.899782
169.899467,602,1917.622531
-38.487515,551,1918.206135
134.752579,582,1919.276938
157.469773,605,1920.104356
-33.159198,403,1920.423609
104.683025,706,1921.343218
140.636253,640,1922.53837
82.671294,502,1923.173825
-1.909001,259,1923.396441
45.514945,841,1924.572235
186.083362,580,1925.558775
-119.590579,524,1926.208686
94.853856,507,1926.852584
115.404314,547,1927.832409
-21.15278,233,1928.030871
-12.151534,189,1928.155868
93.027159,592,1929.22143
-41.267409,404,1929.605668
147.761045,594,1930.726372
90.774313,903,1931.854528
103.83253,632,1932.911901
-10.49259,537,1933.854064
153.033072,586,1934.512686
80.202761,633,1935.620126
-53.928046,1000,1937.374316
161.17468,612,1937.992702
176.215696,594,1938.566704
-47.607516,1000,1940.443833
100.71104,588,1941.206823
143.198375,674,1942.131924
-22.91663,508,1943.099555
163.853251,593,1943.931419
137.138298,577,1944.647129
125.815454,557,1945.830752
140.059073,590,1946.718332
150.712023,609,1947.516541
187.044604,554,1948.142452
187.991671,661,1949.168743
83.534826,517,1949.872886
-2.298509,243,1950.065199
-27.567422,1000,1952.862892
125.791444,629,1953.51837
78.745372,467,1954.040957
163.688443,646,1954.851745
146.72217,589,1956.138521
-20.894317,222,1956.317687
-90.805304,781,1957.151168
160.918178,634,1958.24293
181.408911,602,1958.785806
90.173848,903,1960.334532
188.697803,598,1961.40311
-68.634023,573,1961.944621
165.768039,554,1962.795284
167.520277,583,1963.435045
144.014136,677,1964.458928
147.3156,611,1965.210779
156.373052,897,1966.772407
70.333559,604,1967.880431
-46.160861,274,1968.104609
63.071715,656,1969.167784
-102.295273,565,1969.889609
137.884013,629,1971.068424
185.543479,621,1971.816183
-87.738798,440,1972.342578
-49.805706,295,1972.556768
-19.995803,1000,1974.724069
-65.067336,369,1975.065726
125.833282,805,1976.632028
191.985177,611,1977.769404
56.814611,566,1978.50592
185.000995,613,1979.321051
69.115505,575,1980.329404
134.978588,591,1981.187637
97.874454,579,1981.978721
74.113402,695,1983.414442
147.04934,584,1984.433687
2.828847,690,1985.463848
154.787761,626,1986.135619
66.96122,543,1987.159866
116.730515,785,1988.281756
78.204403,531,1989.052757
121.445172,521,1990.046741
105.654153,624,1990.995331
160.992863,595,1991.713139
-29.765991,357,1992.07156
-39.461089,232,1992.53312
-135.913686,485,1993.185498
92.628862,670,1993.96081
-35.144304,178,1994.088958
176.381501,595,1994.744918
72.967396,524,1995.834202
85.265284,598,1996.771267
170.567799,578,1997.498513
38.432574,685,1998.657173
-33.386034,149,1998.743964
-18.052526,183,1998.865628
95.937047,585,1999.7758
-37.149793,515,2000.444546
173.440092,605,2001.307584
-30.320402,456,2001.816984
-12.675751,162,2001.926334
97.668344,531,2002.733881
140.676122,580,2003.812257
147.681405,904,2005.259654
155.309992,679,2006.371151
143.232781,565,2007.505717
71.458963,496,2008.228858
164.905761,626,2009.08932
138.771181,659,2010.195598
-29.670631,458,2011.045859
115.687161,559,2011.926592
-29.652536,479,2012.424018
-81.333206,550,2013.040125
55.360522,662,2014.344715
177.350292,671,2015.286141
13.464714,1000,2017.682495
-36.656935,411,2018.097766
-45.330934,386,2018.452137
143.147151,698,2019.783776
-9.718014,219,2019.932615
-4.3501,203,2020.060331
52.02715,545,2021.401139
146.694664,573,2022.185413
103.899615,611,2023.027252
132.323181,593,2023.988807
163.053792,598,2024.689765
81.755058,565,2025.538115
142.427122,585,2026.283627
-23.948747,161,2026.673832
161.180451,622,2027.540058
52.118244,526,2028.255927
126.770904,560,2028.999225
152.11501,591,2030.130574
81.963255,595,2030.970177
58.124622,1000,2032.91398
-38.432705,358,2033.535212
64.950444,541,2034.254088
111.949609,632,2035.02256
-10.232652,313,2035.319343
109.051318,567,2036.475092
106.723064,465,2036.967945
142.019871,628,2037.854609
176.159015,662,2038.541404
112.499838,637,2039.846905
127.501179,843,2041.328531
67.634866,706,2042.918641
148.035799,595,2044.033314
155.652235,617,2044.810367
-43.703271,237,2044.998043
66.549762,693,2046.585684
116.541323,561,2047.428191
-83.611543,530,2047.892309
77.663798,558,2048.522081
-143.522223,510,2049.37467
118.227596,680,2050.543794
133.892808,549,2051.295424
95.561588,497,2051.911753
-53.38761,491,2052.670149
164.524805,577,2053.437003
103.674633,568,2054.067825
-11.943825,180,2054.199064
-59.99578,380,2054.867331
99.684967,529,2055.626392
185.530485,621,2056.439075
-14.203091,238,2056.631011
-32.911448,383,2057.093437
154.135738,620,2058.089803
110.916165,543,2058.836868
126.120345,592,2059.420388
165.535215,679,2060.435189
-20.98745,213,2060.587816
-16.062463,180,2060.710819
98.144943,647,2061.869525
144.164449,700,2063.284638
-9.028839,1000,2065.609991
25.561357,1000,2066.790925
-26.280621,270,2067.264166
177.878559,600,2068.130324
60.370414,511,2068.912767
-17.878556,168,2069.024714
-145.448589,568,2069.797161
180.793116,633,2070.83456
165.120822,686,2071.681777
114.887814,733,2073.131439
-77.040565,465,2073.996119
-11.003287,210,2074.136029
111.496236,557,2074.893335
155.370013,546,2075.800939
62.874177,615,2076.837997
119.764845,489,2077.557009
158.867451,609,2078.299998
-23.073542,200,2078.429553
-21.562551,241,2087.303795
-35.679742,253,2090.443975
80.720175,607,2091.278801
-67.025144,427,2091.715538
179.092839,624,2092.620056
-21.155668,152,2093.004543
177.477939,650,2093.800087
111.72295,566,2094.672909
168.584584,624,2095.418047
70.943601,527,2096.404521
77.074192,582,2097.224813
65.098917,915,2098.958795
164.763493,609,2100.458185
90.892231,591,2101.501677
140.332343,589,2102.214961
-35.628431,369,2102.551071
68.004211,542,2103.465494
190.659472,607,2104.305432
32.250528,517,2104.941797
-71.763133,507,2105.867563
32.988353,579,2106.734846
-33.783343,362,2107.157629
-36.60483,303,2107.422578
180.436694,628,2108.371528
-30.194499,585,2109.310148
153.460794,634,2110.431517
-20.276549,218,2110.588119
-36.903691,261,2110.785729
180.17564,617,2111.843505
131.350109,581,2112.54459
154.11733,621,2113.146505
-17.276327,286,2113.396312
3.102358,202,2113.517573
-145.636,574,2114.413265
111.727849,539,2115.209095
-17.928897,228,2115.385193
172.333191,632,2116.401874
31.608715,1000,2118.233741
-19.030151,210,2118.375854
107.874169,614,2119.402049
113.601669,777,2121.059666
126.980225,663,2122.033854
149.878927,593,2122.694739
-11.623148,214,2122.840361
42.585266,684,2124.001348
136.49139,586,2124.818192
188.061011,614,2125.45459
-1.374351,244,2125.653806
-34.686061,346,2126.278283
72.657072,1000,2127.635704
188.021544,641,2128.706705
149.485955,407,2129.428366
83.566719,518,2129.970365
56.531262,599,2130.615596
98.373609,775,2132.109049
-43.069118,445,2132.883291
176.779457,622,2133.853529
99.579808,762,2135.038962
111.629906,616,2136.123436
133.459111,552,2136.663252
-12.586739,574,2137.434763
147.815254,594,2138.307523
174.767862,569,2139.429108
166.344257,558,2140.27707
139.935027,651,2141.083304
201.859196,628,2142.104685
-34.012793,1000,2144.015236
139.960874,807,2145.838246
135.512487,631,2146.671616
-25.9416,478,2147.271934
175.123129,575,2148.237513
92.378885,513,2149.2273
165.751806,616,2150.381615
-5.313628,557,2151.041506
115.896502,611,2152.070211
175.822673,598,2152.9826
-10.558559,227,2153.150234
108.223588,617,2153.956597
137.051959,588,2155.020361
58.267368,746,2156.611557
160.89866,608,2157.605066
147.810231,616,2158.443284
1.535648,463,2159.366788
85.854878,516,2160.140307
73.710555,594,2160.958064
104.552115,560,2161.679273
156.307874,605,2162.862224
164.635615,616,2163.798565
140.931843,572,2164.585474
182.526923,602,2165.652138
88.304123,571,2166.429486
51.830489,1000,2168.32028
108.845894,568,2169.498888
46.691773,1000,2170.860541
126.592197,585,2171.861127
52.395757,595,2172.884437
136.101133,566,2173.68154
128.296294,582,2174.605812
131.836695,544,2175.784472
147.625194,575,2176.751044
144.654546,600,2177.397997
99.640856,528,2178.18075
177.230385,633,2179.534818
-26.71801,345,2179.832053
13.116332,230,2179.98881
97.542391,524,2180.616888
168.558475,623,2181.592669
28.255293,799,2182.511563
138.342204,578,2183.370906
134.192833,645,2184.492058
-3.578073,177,2184.601337
-0.580963,250,2184.805566
141.766805,615,2185.802322
111.187694,556,2186.661102
-42.228704,1000,2188.582154
137.434784,559,2189.426818
56.176595,635,2190.506308
193.22108,574,2191.383875
62.348887,590,2192.057497
115.108823,557,2192.916928
-41.405116,264,2193.148504
135.150753,654,2194.104783
140.44274,599,2194.905318
138.844195,559,2195.682373
-12.336903,430,2196.151731
58.208253,545,2197.159673
91.638046,614,2197.830263
92.246667,544,2198.587097
169.306004,558,2199.636612
107.985046,669,2200.585173
-65.354432,420,2201.032746
163.735662,556,2201.962644
177.157435,606,2203.126145
28.066137,639,2204.101232
125.865876,698,2205.295903
138.792412,566,2206.544081
110.316578,483,2207.237807
139.921717,563,2208.027539
-10.556457,198,2208.159957
12.819313,216,2208.322916
61.785769,682,2209.658329
107.846037,603,2210.435189
138.958496,650,2211.315526
167.023694,633,2212.49809
96.931819,580,2213.673388
80.452951,639,2214.590211
165.194035,587,2215.253342
89.896807,627,2216.512961
59.142245,616,2217.230598
3.90948,230,2217.40431
162.955455,628,2218.324316
-37.921622,337,2218.953527
40.28353,570,2219.796098
101.590658,536,2220.648367
0.767375,1000,2222.64072
-9.999817,183,2222.774966
-25.520978,308,2223.07873
137.777357,578,2224.13947
-37.429691,614,2225.338446
131.364133,567,2226.206061
86.374135,553,2226.998677
149.754597,627,2227.594423
-7.951544,172,2227.700151
69.128504,647,2228.726117
167.577693,702,2229.579175
-75.401007,586,2230.236392
124.934529,600,2231.172703
25.506571,1000,2232.423122
-29.170832,345,2232.73203
157.878005,609,2234.112886
-22.882734,290,2234.392071
42.728901,532,2235.012057
5.926253,295,2235.304663
133.350111,566,2235.957874
178.980518,620,2237.026656
155.916244,903,2238.458088
130.443407,662,2239.400028
102.598546,499,2240.013849
14.623076,1000,2242.305103
57.869449,716,2243.823664
-22.989905,221,2243.984987
-18.696865,209,2244.151482
199.537408,694,2245.42484
-52.186697,384,2245.77422
120.823366,461,2246.567264
50.529492,614,2247.427706
-18.025564,232,2247.59293
-13.57824,187,2247.71287
168.08804,579,2248.388091
-63.491519,521,2249.37064
92.949423,557,2250.200856
106.046232,724,2251.381423
150.266313,597,2252.617848
120.355322,559,2253.302723
138.136129,771,2254.744294
195.434972,610,2255.47127
90.005653,612,2256.596781
-21.369739,1000,2258.453292
-92.614607,464,2258.888917
24.797897,505,2259.783328
97.653341,552,2260.506241
108.998694,622,2261.207138
-30.347473,447,2261.998866
119.186976,419,2262.459785
67.617177,572,2263.378442
32.983558,578,2263.952361
170.203743,613,2264.847093
131.068011,560,2265.696578
103.532174,478,2266.317665
30.126636,548,2266.964646
197.693669,613,2267.891028
-6.602831,170,2268.010917
-62.141159,536,2268.540281
92.394471,555,2269.273226
76.744054,599,2270.313253
155.75124,611,2271.312901
186.626011,606,2271.990947
-13.606749,160,2272.090512
141.229272,631,2273.210812
88.088037,815,2274.789601
90.314614,523,2275.437047
153.861907,764,2277.007282
66.861148,574,2277.840958
114.256795,483,2278.33215
-72.115061,531,2278.943506
86.835602,839,2280.36935
2.777362,188,2280.49941
5.200099,203,2280.628046
152.13224,587,2281.395037
157.980245,626,2282.397891
191.129466,631,2283.510583
110.177714,596,2284.462864
-7.56156,411,2284.9834
124.605182,584,2286.215925
183.696142,588,2286.777009
94.321602,688,2287.933138
147.334867,637,2289.171374
175.600206,615,2289.832113
89.858419,603,2290.607979
115.074034,1000,2293.359701
141.852714,618,2294.177866
190.958208,632,2294.750238
152.363019,738,2296.600411
72.275627,481,2297.215473
-118.334944,514,2297.910931
-15.255607,186,2298.043269
78.124991,676,2299.242266
88.346396,531,2300.002872
112.007763,574,2300.810153
199.857399,614,2301.511102
65.641034,634,2302.598932
-14.237596,234,2302.775128
65.077241,539,2303.463181
136.728231,501,2304.178593
-11.569173,198,2304.32046
110.89706,647,2305.890443
108.827665,495,2306.534751
96.615298,767,2307.458829
-9.714392,275,2307.695927
191.407452,616,2308.8275
100.38832,614,2309.729697
42.291601,608,2310.431098
125.681243,585,2311.518564
-26.291507,283,2311.774164
130.901187,590,2312.935894
185.594172,635,2313.593707
43.203532,622,2314.796151
104.418097,584,2315.736025
-32.788132,350,2316.026843
123.964651,571,2316.7608
6.241206,340,2317.334283
97.725177,559,2318.158741
156.954936,619,2319.032631
-203.088066,624,2319.638376
116.663319,559,2320.513541
150.604492,615,2321.307167
96.617818,630,2321.841022
178.897475,618,2323.069317
162.467763,621,2324.026454
196.161515,670,2324.91568
147.221492,631,2326.015899
69.911635,1000,2327.582829
0.282286,187,2327.699819
49.539948,1000,2329.47846
125.667877,552,2330.156721
104.815582,535,2330.837123
-16.149502,507,2331.337569
106.732375,564,2332.350276
107.719279,957,2334.12432
178.836225,665,2334.946812
96.93986,574,2335.987447
1.005465,535,2336.591308
80.935302,543,2337.422475
118.665937,504,2338.464551
104.629439,570,2339.345299
106.052167,574,2339.949382
174.988925,578,2340.621444
99.65468,547,2341.664713
-87.152111,493,2342.138594
107.176515,868,2343.466398
130.964644,606,2344.734768
-27.204593,411,2345.213607
113.796081,602,2345.938519
147.112389,854,2347.169683
162.444485,598,2347.771281
157.706802,652,2348.822967
6.520094,272,2349.0135
113.956354,616,2350.240423
96.83126,696,2351.023465
132.973522,579,2351.734777
148.659183,577,2352.515458
-16.591493,264,2353.079981
69.896425,531,2353.958685
110.711514,900,2355.528829
-0.02744,279,2355.73246
64.406505,613,2356.786386
168.304303,615,2357.542768
143.399984,581,2358.416084
17.442843,1000,2360.533044
79.274903,577,2361.350637
171.742319,600,2362.148947
161.360181,573,2363.098874
56.63497,1000,2364.602564
61.17716,630,2365.306484
16.984574,1000,2366.998961
159.746881,647,2367.838315
102.182442,624,2369.174036
138.191952,648,2369.798466
28.529727,1000,2371.206601
84.907874,670,2372.423582
147.476473,551,2373.260094
118.108956,609,2374.170657
164.273974,608,2375.237941
74.124386,1000,2377.46121
-9.600456,212,2377.625396
101.242942,442,2378.085228
148.703704,613,2379.225761
-19.75616,466,2379.704968
-21.963619,1000,2381.197658
112.510657,565,2382.153415
44.386187,1000,2383.881327
-9.7097,358,2384.228554
99.499658,546,2385.324522
136.112851,569,2386.017315
-3.085702,210,2386.174596
149.897465,591,2387.095225
-0.892075,241,2387.261902
52.739881,630,2388.64498
-160.400565,497,2389.175478
67.068319,627,2390.081994
145.54803,528,2390.844368
101.648256,578,2391.985754
-2.057395,1000,2394.079024
7.470054,356,2394.408071
131.581707,888,2396.290564
105.716021,617,2397.19425
-8.96058,1000,2399.472957
122.80692,543,2400.308832
65.53485,662,2401.45165
196.56415,640,2423.722428
142.022285,572,2432.287537
126.003526,474,2432.813258
-11.106179,377,2433.189515
42.399735,666,2434.433947
159.699914,472,2434.886243
-6.322032,202,2435.035828
171.130116,627,2435.670067
174.07441,554,2436.56546
51.329892,604,2437.52373
135.452762,619,2438.405132
117.522757,625,2439.237548
130.880853,551,2440.443782
115.277931,664,2441.602415
-28.244173,324,2441.866156
154.450308,560,2442.576379
-26.652687,456,2443.317763
102.865887,630,2444.330132
197.187099,631,2445.440396
90.95768,599,2446.113546
128.421074,734,2447.756649
84.19692,714,2449.253356
93.689169,557,2449.778966
142.507832,651,2450.908699
136.563834,585,2451.433716
109.561759,531,2452.18728
182.835062,655,2453.293414
50.928896,804,2454.786271
178.197041,613,2455.443585
142.42128,540,2456.560724
171.237235,608,2457.457026
-33.575438,428,2458.043793
130.183939,596,2458.866531
175.214974,502,2459.850258
145.978049,569,2460.571075
100.391868,630,2461.381245
141.779743,542,2462.242688
-1.745346,232,2462.711648
-65.873238,521,2463.228194
98.443158,578,2463.982526
141.875893,609,2465.186477
119.662718,781,2467.28607
0.142284,248,2467.474
90.141083,571,2468.48232
53.08856,1000,2470.358508
108.546302,469,2470.938821
138.692073,585,2471.669578
-13.646111,500,2472.286772
59.129083,563,2473.495385
99.63245,453,2474.099899
99.800446,783,2475.222212
82.370915,458,2476.042832
93.584183,555,2476.817598
160.96947,552,2477.314908
112.09137,682,2478.281504
162.244638,579,2479.381693
123.285519,496,2479.859086
107.188337,573,2480.541617
-1.482926,507,2481.217466
104.363043,646,2482.630316
181.312121,601,2483.340213
185.170296,597,2484.053036
45.453254,1000,2485.621713
-113.854055,493,2486.062126
114.495145,669,2487.170367
152.75424,664,2488.369022
18.063544,189,2488.513168
-4.401402,381,2488.872211
-17.156211,471,2489.392997
81.912049,580,2490.38033
188.234134,529,2490.947606
179.202702,617,2491.736941
108.441405,548,2492.304411
11.035147,1000,2493.82871
128.930436,624,2494.549097
146.85523,589,2495.410264
110.813247,617,2496.663162
54.096951,1000,2498.683658
104.729726,563,2499.46999
179.61817,752,2500.629713
135.639288,491,2501.292241
156.399598,876,2502.984797
26.84613,1000,2504.740275
140.270704,601,2505.362015
-4.007811,227,2505.538369
122.017536,557,2506.636206
-37.688485,310,2506.990441
5.871685,407,2507.394588
60.952135,1000,2510.205501
-9.956464,205,2510.350061
170.312001,554,2510.986454
-1.038828,228,2511.172611
125.598071,485,2511.878764
152.008307,607,2512.796301
142.104761,589,2513.614429
196.169855,644,2514.455723
130.550867,568,2515.34285
132.25158,617,2516.545494
3.627678,847,2517.725444
90.192791,479,2518.360929
172.797269,567,2519.257968
133.0541,685,2520.507397
14.766017,1000,2522.714543
160.899516,621,2523.575232
-22.30764,271,2523.779483
173.189064,589,2524.61589
11.476788,222,2524.793015
119.808511,661,2526.17507
113.162001,458,2526.768954
67.671013,642,2527.818501
-9.685511,221,2527.969173
158.286832,611,2529.244152
98.067043,600,2530.280085
91.37377,579,2530.910585
7.030786,233,2531.061768
156.234939,609,2532.139997
135.932148,621,2532.816068
158.797347,640,2533.561107
110.543204,598,2534.745095
120.682295,690,2535.403321
6.660598,561,2536.239634
-21.161138,343,2536.611647
175.097446,631,2537.793847
133.606185,567,2538.502374
114.721694,570,2539.368062
127.254764,441,2539.853153
98.005666,574,2540.977974
169.573038,573,2541.828221
124.369618,575,2542.663211
82.394495,643,2543.750779
176.368749,615,2544.684601
160.508155,607,2545.543046
58.817999,627,2546.470488
68.969952,646,2547.502348
84.621324,705,2548.196688
-6.16425,302,2548.461222
3.431486,227,2548.640933
108.909815,617,2549.658217
146.385632,543,2550.15116
67.748982,638,2551.410044
163.325073,574,2552.45752
182.848973,598,2553.204151
-8.982891,501,2553.90378
94.972568,586,2554.794832
81.389453,672,2556.214923
-0.855827,209,2556.371094
169.8896,591,2557.070732
47.631978,625,2557.909647
92.485019,812,2559.55062
8.137012,243,2559.740748
93.872759,596,2560.509068
0.960002,270,2560.713111
95.603743,537,2561.748143
166.809668,597,2562.675842
145.395858,580,2563.501595
148.111126,593,2564.238981
145.089467,586,2565.455993
103.404462,726,2566.753026
175.794685,610,2567.438139
91.959292,712,2568.542869
89.995635,565,2569.498841
39.119375,1000,2570.892062
-5.673317,179,2571.310217
178.377531,663,2572.081989
-46.299117,510,2572.831574
-10.580563,233,2572.999732
139.296574,605,2573.96362
96.857303,616,2574.717861
115.896514,587,2575.784025
59.960994,634,2576.67606
126.207669,635,2577.952183
-128.256931,641,2578.807767
144.26229,906,2580.399876
-37.954353,441,2581.238675
124.174186,600,2581.967036
149.818089,549,2582.690593
47.923056,647,2583.781033
93.04324,593,2584.762892
111.061065,556,2585.48165
49.453777,573,2586.202013
-14.873443,280,2586.717331
116.934239,598,2587.427629
130.141588,570,2588.323918
91.188852,714,2589.51404
37.570115,1000,2591.246242
111.179185,564,2592.099773
145.963972,647,2593.558697
142.114453,593,2594.335169
160.11703,483,2595.141919
124.396233,585,2596.058025
126.567716,587,2596.983601
-18.470751,517,2597.659531
166.364037,589,2598.477649
119.615925,649,2599.545858
83.450368,530,2600.481905
78.118336,617,2601.432847
6.036089,550,2602.011137
27.374588,556,2603.246369
93.371457,533,2603.857173
10.942938,216,2604.004223
138.002791,583,2604.641175
108.457426,616,2605.917876
119.786936,602,2606.73476
135.280916,595,2607.576793
190.430847,585,2608.303756
190.880481,649,2609.574984
119.608372,564,2610.497374
191.117334,580,2611.096136
159.844611,565,2612.111974
138.736444,653,2612.977731
173.449744,536,2613.661858
129.738435,535,2614.247122
86.844146,616,2615.131761
160.401549,660,2616.294736
167.866357,655,2617.350466
143.605092,429,2618.105931
111.070175,575,2619.099083
60.941233,617,2620.225722
159.136008,637,2621.267288
114.090089,779,2622.965811
-116.692268,690,2624.019141
153.078753,590,2624.86124
159.762717,605,2625.795568
-122.351182,653,2626.406543
128.677356,622,2627.221174
142.202558,706,2628.706713
77.255518,521,2629.410452
169.238066,573,2630.31192
88.57444,590,2631.559504
97.857129,660,2632.670081
99.166808,607,2633.34917
2.191261,1000,2635.487246
120.790162,578,2636.360269
4.668293,500,2636.899173
170.0349,573,2637.733978
85.602806,885,2639.471249
173.450826,540,2640.033926
-29.402347,445,2640.45631
104.959346,631,2641.478455
68.309821,497,2642.094692
106.437112,599,2642.864681
191.502804,604,2643.80926
197.565759,599,2644.860928
34.624221,1000,2646.779539
102.677896,595,2648.0252
163.228056,564,2649.011968
155.841796,574,2649.77745
137.933437,582,2650.85576
86.142663,592,2651.919509
68.13045,622,2652.942908
-19.472046,366,2653.2849
109.915349,946,2655.500863
78.852411,594,2656.37609
137.35813,609,2657.034826
137.440429,585,2658.012263
13.71651,1000,2659.792342
133.14057,655,2660.948104
103.530678,583,2662.250104
124.01698,577,2663.137356
162.779538,632,2663.991157
136.50304,608,2664.998557
108.723275,599,2665.865163
111.428029,570,2666.585631
134.510554,589,2667.43462
146.409456,598,2668.618525
136.69945,908,2670.544976
133.331159,576,2671.490917
161.54519,631,2672.571036
-47.011062,514,2673.250236
-90.177861,564,2673.825383
128.959441,519,2674.308826
61.705508,486,2675.099157
104.183903,583,2676.011759
100.375512,552,2676.777276
-71.298335,410,2677.248999
99.309144,538,2678.507642
13.602118,1000,2680.675598
165.843219,565,2681.577485
90.954422,558,2682.202921
129.689674,562,2683.069433
-75.557285,578,2683.803877
155.016643,631,2685.088362
149.839166,595,2685.93592
126.852076,803,2687.216748
136.971558,629,2688.402575
-10.99566,311,2688.662091
90.540127,557,2689.470853
146.654917,556,2690.428432
135.208341,555,2691.474948
149.955137,628,2692.288895
100.421866,576,2692.868487
144.685889,603,2693.583735
165.002593,604,2695.025313
183.115887,573,2695.999215
159.999135,620,2696.964008
141.521866,634,2698.132329
62.034197,657,2698.940177
173.33289,628,2699.757534
205.155467,659,2701.24997
122.487124,538,2701.865702
195.119659,603,2702.797733
176.909098,593,2703.56519
116.151398,571,2704.653327
-0.772136,1000,2706.536886
57.074436,665,2707.975402
163.981688,548,2709.006476
131.026987,507,2709.575182
139.461064,561,2710.241446
-21.65499,454,2710.993834
106.271676,574,2712.056872
92.423666,608,2712.659147
126.749384,539,2713.407155
122.725153,577,2714.543647
36.105355,596,2715.298813
173.274094,541,2715.905545
29.965007,693,2717.202762
0.905947,440,2717.61967
44.117066,605,2718.337632
190.951247,599,2719.261575
133.934227,641,2720.303354
95.074005,600,2721.178714
134.111241,633,2722.243387
115.871126,584,2723.298312
65.841609,690,2724.416557
184.302745,620,2725.233055
142.3011,550,2726.329177
137.69385,643,2727.161493
146.239122,589,2727.821126
146.016596,608,2728.806323
5.910002,556,2729.760252
158.130153,571,2730.574744
-10.539105,210,2730.733511
94.045903,551,2731.560083
172.944174,616,2732.857377
162.587816,599,2733.838655
85.988747,666,2735.083102
125.711733,540,2736.294481
146.270278,618,2737.077631
172.40378,586,2738.133201
86.660365,630,2738.896367
159.437907,601,2740.167158
171.661821,600,2741.075619
101.746084,523,2741.618422
179.096825,608,2742.540724
-10.650187,175,2742.653086
136.622607,609,2743.427658
132.834568,674,2744.226246
170.742514,590,2745.62763
95.444295,600,2746.539061
149.140356,594,2747.349484
97.700246,457,2747.853897
116.811165,590,2768.126167
112.470382,760,2776.742437
184.545715,575,2777.633402
-29.300807,1000,2779.75322
154.063633,515,2780.276543
160.848737,642,2781.093113
122.846847,687,2782.71875
20.940427,648,2783.7533
122.860302,678,2784.712125
7.667512,200,2784.854104
143.920061,489,2785.787996
137.164025,603,2786.784959
114.395483,555,2787.575021
184.399521,597,2788.675125
152.520442,564,2789.836936
75.061714,651,2790.898992
-6.65738,158,2790.996912
161.671931,621,2791.957412
213.04492,565,2792.841618
105.718032,580,2793.64453
135.384417,484,2794.430576
112.898158,604,2795.161808
128.420486,568,2796.186997
173.367882,597,2797.216469
21.429502,1000,2798.782587
-13.651576,473,2799.247743
-42.798646,329,2799.518555
179.70179,604,2800.128252
138.444135,617,2801.069861
149.544666,900,2803.131317
99.268981,510,2803.996633
65.451665,620,2804.744508
164.144916,606,2805.6431
88.989597,571,2806.552868
177.927265,576,2807.298778
165.034674,597,2808.465913
133.109424,570,2809.266721
151.737139,555,2809.96116
128.992269,588,2811.083067
80.74488,587,2812.136528
150.874568,680,2813.523606
162.901652,566,2814.424652
32.868147,638,2815.735541
16.240232,1000,2817.354573
94.293627,566,2818.314869
188.682485,554,2819.423245
132.082866,891,2820.570517
169.802904,511,2821.234307
-12.306552,197,2821.3643
102.958614,488,2822.176077
112.187072,601,2823.21027
112.991406,521,2823.945727
201.077433,607,2824.87744
-9.009739,238,2825.097915
133.281615,595,2825.800045
89.488645,562,2826.738115
157.471276,584,2827.701558
113.784933,564,2828.634177
-18.66706,419,2829.030222
-19.329918,169,2829.15369
140.435115,564,2830.145379
153.657007,633,2831.180056
141.332842,625,2832.228004
153.412004,613,2833.01111
119.520392,595,2834.074238
87.89887,512,2834.781117
170.415958,622,2835.773412
116.754544,576,2836.683648
139.426389,464,2837.452581
155.354702,575,2838.27725
165.17624,597,2839.182326
97.19786,802,2841.641086
205.33974,636,2842.349888
147.937378,628,2843.246458
60.703542,606,2844.615699
108.501447,625,2845.462702
-19.577741,500,2846.018148
167.356415,551,2846.981276
105.761149,606,2848.001987
101.824582,541,2848.479967
135.99846,584,2849.262527
64.272749,1000,2851.012504
-7.507071,216,2851.181559
118.317976,582,2851.959006
147.056029,591,2852.860023
161.18081,577,2853.963989
115.406814,557,2854.672455
149.365438,603,2855.833282
89.120967,622,2856.936819
-16.831301,472,2857.845412
75.96787,552,2858.628551
90.523097,688,2859.685833
96.861353,609,2860.988356
124.559553,579,2861.942904
151.073833,579,2862.950379
137.191451,602,2864.102052
156.881227,564,2865.401338
21.010458,1000,2867.567744
127.338879,538,2868.572605
-14.88881,371,2868.910561
78.885429,494,2869.618888
-20.90931,525,2870.284485
108.755478,597,2871.396914
93.040635,640,2872.654466
122.604286,556,2873.552913
63.318103,598,2874.400413
50.793383,704,2875.656813
108.20489,568,2876.466556
-31.556681,499,2877.183892
107.948906,541,2878.042992
121.857342,425,2878.911126
150.678815,670,2880.303114
195.082933,558,2880.878435
-7.939981,350,2881.212064
160.239763,582,2882.406828
56.678703,640,2883.466936
118.760256,496,2884.122879
-13.816797,262,2884.34401
146.549736,584,2885.443585
152.821122,557,2886.351998
91.17484,564,2887.416442
82.683981,590,2888.317672
-141.437293,655,2889.192392
113.958827,441,2889.845723
100.640373,581,2890.736547
92.983073,602,2892.009617
132.98488,586,2892.910406
129.390037,570,2893.690344
190.779037,600,2894.873453
76.086693,555,2895.904282
112.586585,628,2896.861324
133.206746,595,2897.881395
175.057805,562,2899.077102
115.469498,543,2900.003295
127.769837,592,2900.950552
86.408672,566,2902.051459
18.667288,500,2902.689019
-26.485988,147,2902.773703
106.312335,557,2903.384022
79.66153,618,2904.0602
131.880957,600,2905.284477
-30.572687,149,2905.372264
155.667602,599,2906.256004
152.320756,609,2907.342261
28.305966,1000,2909.780975
75.25399,572,2910.743031
72.321078,595,2911.52473
76.920194,625,2912.657058
138.669567,567,2913.6825
95.757139,579,2914.529301
-8.748674,533,2915.654216
0.95092,205,2915.805344
146.955442,560,2916.60598
135.406409,553,2917.525234
65.520395,726,2918.744425
122.220625,504,2919.36617
140.180771,910,2920.416828
82.575194,509,2921.176564
176.098299,548,2922.060315
2.30615,532,2922.82905
124.48098,555,2923.742907
191.892984,568,2924.922107
29.134369,662,2926.184117
152.020105,592,2926.819121
179.963323,577,2927.609468
98.692811,734,2929.297732
75.983089,704,2930.50981
122.768006,572,2931.271801
116.256992,910,2932.781216
201.956344,602,2933.433846
119.54263,790,2935.116667
156.062139,593,2935.858704
75.616749,651,2936.596588
-20.959254,510,2937.267114
-17.996485,384,2937.988154
197.058595,626,2938.842632
144.457615,636,2939.996191
-20.163983,155,2940.092523
121.898877,563,2940.899544
46.844476,733,2941.902555
140.746997,560,2942.699903
4.196551,218,2942.841159
197.915466,594,2943.925659
103.406928,508,2944.71105
87.959873,495,2945.269618
115.26525,717,2946.755707
57.523593,639,2948.032581
131.559347,616,2948.851542
77.98579,639,2949.915441
88.444892,594,2951.051594
156.968027,618,2951.975737
96.550397,575,2952.822291
172.135604,645,2954.043217
113.269057,529,2954.836923
48.54939,626,2955.585204
-10.084758,277,2955.792534
-33.571466,386,2956.184569
99.621539,555,2957.38619
-106.147603,597,2958.141006
188.130165,591,2958.979932
27.236993,523,2959.697766
-26.125187,448,2960.207708
-14.047327,144,2960.291449
144.506141,597,2960.921863
183.166781,589,2961.759634
101.416099,527,2962.600353
-15.068697,183,2962.727487
140.771391,614,2963.616057
-20.595296,190,2963.755166
60.997628,1000,2965.401102
175.125047,596,2966.050497
38.663032,1000,2967.462269
102.079411,729,2969.135051
86.13587,547,2969.720495
172.383001,716,2970.937112
86.290655,796,2972.631206
182.023599,604,2973.425404
109.187054,638,2974.336157
170.07045,499,2975.170074
85.027467,620,2976.33416
-8.43085,167,2976.432025
-29.290983,396,2976.821052
39.908999,1000,2978.177871
159.620665,565,2978.779991
159.304465,576,2979.522558
-69.522825,471,2980.0519
147.099401,601,2980.963869
175.198706,576,2981.647036
116.385925,501,2982.361
95.597733,629,2983.627216
34.763096,1000,2985.474879
173.519257,626,2986.203725
103.113761,549,2987.31369
155.840934,598,2987.914806
109.629726,693,2988.95361
-15.54574,1000,2991.161705
-117.143854,608,2991.941749
118.140046,580,2992.570566
100.13801,595,2993.586281
57.607421,609,2994.806386
-113.467573,675,2995.494537
-3.244524,243,2995.690004
97.613112,561,2996.858796
80.974628,514,2997.477583
84.55447,946,2999.447133
53.774791,537,3000.562137
138.129769,596,3001.604063
49.315935,628,3002.43295
115.230999,558,3003.515297
113.286748,645,3004.222123
122.08253,596,3005.041795
103.819846,799,3006.427038
-9.287337,771,3007.430795
-14.771269,457,3007.927312
94.706916,619,3008.611902
153.554911,629,3009.577222
105.265961,555,3010.437676
87.558024,586,3011.19808
145.326217,583,3012.457537
35.884415,740,3013.476125
90.413907,542,3014.300171
-8.297871,363,3014.720018
125.934626,670,3015.784953
177.302729,652,3016.824265
98.483289,571,3017.567057
110.755816,474,3018.481664
137.211272,524,3019.264988
106.138621,672,3020.218889
166.674488,602,3021.110586
171.92423,588,3022.291737
25.417598,695,3023.101817
90.379589,568,3023.974013
152.538526,751,3025.705126
-1.983714,240,3025.90533
-37.328626,146,3026.001948
150.688437,562,3026.948416
140.129421,519,3027.608063
104.069474,610,3048.428271
