#{"env_id": "RockSample", "t_start": 1525271912.3588183}
r,l,t
-519.578041,126,0.466805
-127.644454,87,0.516271
-574.890018,91,0.569694
-231.334857,81,0.61659
-89.831907,89,0.66782
-255.239315,100,0.72506
-238.778074,98,0.782726
-287.887302,82,0.829922
-336.203358,103,0.889207
-374.738286,90,0.939778
-341.176926,94,0.993173
-464.211933,79,1.038721
-423.936195,109,1.101148
-283.256223,91,1.151811
-187.397914,112,1.221295
-154.7719,117,1.288608
-350.614224,98,1.345515
-272.388118,130,1.425357
-151.86156,82,1.472489
-91.708245,84,1.52099
-563.77617,116,6.233719
-104.342353,138,7.722548
-135.952208,139,7.803284
-108.426491,74,7.843991
-532.467435,123,7.916229
-218.160412,81,7.962508
-353.869789,114,8.029183
-159.398269,114,8.094021
-149.160832,120,8.164511
-222.218686,98,8.221931
-401.41194,142,8.307952
-419.302667,94,8.361563
-291.552871,138,8.447493
-383.408823,83,8.496327
-371.68961,93,8.550247
-462.731619,152,8.645836
-438.433331,106,8.714626
-136.387353,95,8.773535
-196.304778,196,9.208253
-339.274702,106,9.268067
-291.154399,87,9.319951
-259.531713,130,9.400949
-254.055581,96,9.458748
-252.426948,96,9.515361
-142.21442,157,9.614876
-305.602036,160,9.715568
-149.401848,132,9.795974
-176.688154,112,9.858405
-135.697192,132,9.939039
-287.99511,73,9.981106
-444.438632,82,10.026779
-119.463721,160,10.125129
-148.677433,150,10.223279
-215.82826,174,10.334087
-83.353316,174,10.731968
-384.549021,196,10.863035
-317.728638,140,10.952768
-243.023481,96,11.008256
-253.06617,158,11.10576
-118.125608,132,11.186568
-89.590513,92,11.239857
-122.907569,132,11.31962
-122.034223,234,11.483587
-287.933113,93,11.537936
-237.044342,103,11.597083
-229.333225,129,11.671479
-100.957462,109,11.735241
-316.883295,112,11.802073
-321.132125,105,11.863492
-291.770099,135,11.946279
-171.714428,97,12.281828
-118.739893,110,12.348566
-535.852841,137,12.432536
-65.549071,81,12.480397
-123.676017,104,12.54447
-177.04642,132,12.623865
-456.08281,137,12.707204
20.237016,1000,14.721545
-279.14882,99,14.780435
-356.587006,151,14.874919
-459.767505,113,15.225891
-343.090649,120,15.297692
-208.59744,109,15.362014
-270.252148,117,15.432704
-359.010696,135,15.515362
-162.631748,117,15.58534
-69.555843,110,15.651039
-331.263513,115,15.723763
-225.451514,94,15.781572
-192.029816,92,15.837567
-204.481108,101,15.896141
-458.232825,204,16.035632
-195.040261,99,16.093701
-148.529979,107,16.156717
-244.119503,95,16.214066
-140.545519,137,16.300678
-291.547636,105,16.365392
-173.289946,145,16.735103
-118.895403,113,16.805403
-278.032588,122,16.878776
-128.739695,143,16.967213
-177.60855,177,17.085767
-125.193121,90,17.139145
-93.306158,153,17.235255
-312.845422,139,17.322767
-141.679237,109,17.387997
-228.295381,151,17.480895
-54.40245,142,17.575099
-242.076884,180,17.690323
-215.214692,168,17.802037
-196.403834,167,17.916068
-205.19209,121,17.988559
-79.984519,98,18.330707
-50.854619,187,18.456649
-200.316739,140,18.545471
-138.082006,181,18.662126
-47.845688,179,18.782567
-53.488823,116,18.854125
-159.229473,150,18.949486
-52.07958,93,19.00435
-51.304122,201,19.138399
-167.795575,144,19.227745
-7.401522,136,19.317167
-111.564444,137,19.402771
-82.730991,132,19.482152
-69.938471,121,19.556968
-80.372949,112,19.935897
33.190472,1000,21.539016
-83.095772,190,21.67207
-63.800698,95,21.731807
-14.617446,146,21.825655
-287.487611,213,21.979141
-70.080938,143,22.071733
-119.124368,141,22.158336
-79.427686,183,22.562819
-38.46177,169,22.679193
-21.404027,190,22.805771
-135.722271,176,22.930202
-90.128034,193,23.072046
-41.332084,110,23.141669
26.362788,1000,24.685019
-109.781904,199,25.115837
-33.136922,154,25.217235
-73.65103,171,25.340452
-26.669507,197,25.474157
1.882362,240,25.65395
-21.294788,122,25.731524
-90.644466,174,25.848951
-70.537249,215,26.007093
7.310323,128,26.089468
-80.429259,220,26.246593
-48.574875,187,26.375929
-37.332675,161,26.483817
-77.286392,276,27.055984
-87.992363,188,27.194478
14.105146,1000,29.16422
-75.987304,237,29.342679
-185.768169,299,29.597212
-47.946473,223,30.060509
-50.625396,1000,31.683882
-167.252863,393,32.106733
1.817397,1000,34.368749
35.9344,1000,36.65888
25.424311,1000,38.250242
-197.108714,591,39.134525
-64.845252,1000,41.934329
27.606878,1000,43.409109
-33.578214,1000,45.911801
34.602307,1000,47.664006
82.887866,1000,50.007848
35.500175,1000,52.297074
-231.647625,676,53.208094
31.089954,1000,55.349953
34.951464,1000,57.029287
65.114495,1000,58.840603
0.651582,1000,60.937288
-73.097327,467,61.53474
2.813328,1000,64.595239
-138.260013,1000,66.491047
-18.38104,1000,68.944337
-84.994012,1000,72.042275
52.950938,1000,74.34321
30.386947,1000,76.770957
-70.220734,563,77.685494
30.785297,1000,80.263391
0.140349,1000,83.056527
10.950499,1000,86.143073
7.46876,1000,88.703421
45.048471,1000,90.324008
64.07948,1000,92.735572
34.448543,1000,94.56487
7.407067,1000,97.187113
106.439968,1000,98.579289
19.810775,1000,100.956022
34.982811,1000,103.046315
63.903385,1000,106.007617
56.275758,1000,107.289798
8.423697,1000,108.898852
0.968876,1000,111.297862
-41.712606,1000,113.467148
13.841635,1000,116.310828
60.177101,1000,117.964094
9.495112,1000,119.962916
32.275553,1000,122.064686
24.490919,1000,124.734766
-70.953095,1000,127.434784
57.425755,1000,129.881176
43.387651,1000,132.224963
127.439869,815,133.873258
82.17182,1000,135.477275
33.47664,1000,138.463372
3.89894,1000,140.470625
11.407622,1000,142.959906
18.548819,1000,144.511461
-6.322193,1000,146.579416
32.393677,1000,149.258127
36.089344,1000,151.496299
17.602157,1000,153.151277
45.213406,1000,155.783503
-11.946743,1000,157.792088
25.630305,1000,159.404639
53.298508,1000,161.322118
83.623564,706,162.128688
15.548392,1000,164.721026
-40.389906,1000,166.612133
86.85648,1000,168.97735
-42.912302,1000,170.845858
-9.815691,1000,174.61033
29.047572,1000,176.504161
11.186253,1000,179.230454
3.178117,1000,181.763551
-34.825919,1000,184.44704
32.628513,1000,186.517226
88.991582,602,187.583138
21.478127,1000,189.236207
-9.809428,1000,191.866823
22.437203,1000,195.09708
54.462821,1000,197.547945
33.18526,1000,199.448792
40.016855,1000,202.080022
32.193463,1000,205.010119
-144.252752,505,205.584265
73.250124,1000,207.866701
62.172906,1000,209.684934
56.133243,1000,212.73422
68.209482,1000,214.233012
-5.946932,1000,216.109419
-78.346692,361,216.459016
60.98869,1000,218.723376
-271.685566,673,219.761889
32.404877,1000,221.317856
36.077095,1000,223.878367
61.821925,1000,225.917108
70.93955,1000,228.19852
39.877022,1000,229.966674
104.632956,511,230.811502
43.373002,1000,233.472541
38.087012,1000,235.04099
49.472996,1000,237.780734
88.412179,572,238.560095
69.327575,1000,240.655918
145.502016,608,241.996432
64.38678,1000,243.651438
100.128162,975,245.588409
119.643641,664,246.898872
43.071034,1000,249.616519
45.01467,1000,251.838981
61.154371,1000,253.315
113.303234,649,254.447198
76.808701,734,255.451948
47.434584,1000,258.177039
130.805358,481,258.769477
-0.259264,1000,261.243059
42.377885,856,262.496423
42.091005,1000,264.679683
55.216307,880,265.903164
56.727209,1000,267.244515
-93.47428,437,268.206847
-79.379864,376,268.586798
66.845734,1000,270.70303
160.489665,507,271.647717
31.005349,1000,273.433604
24.563701,1000,276.671516
63.48385,779,278.455696
61.91136,1000,281.007597
49.349247,1000,283.11918
26.553682,1000,284.409338
47.104997,1000,286.928237
9.014293,1000,290.097092
34.89669,1000,293.107542
-150.441002,399,293.592117
42.032849,1000,295.570136
119.265206,539,296.624296
127.992928,470,297.247582
18.846849,1000,300.638866
5.005815,1000,302.235645
130.808378,676,303.234385
17.292675,1000,305.538509
2.673249,1000,307.918198
-83.002799,1000,309.695425
59.213512,1000,311.522753
32.661033,1000,313.812646
150.963924,806,315.0107
25.13281,1000,317.526382
122.571128,463,318.043645
69.819616,1000,320.275229
103.054165,437,321.187253
54.96649,1000,322.777894
38.348588,1000,325.075221
86.831932,1000,327.21251
-78.454191,427,327.67719
47.395158,1000,329.30606
-227.696671,473,329.825023
-95.05897,449,330.409406
144.263536,738,331.833769
98.217906,486,332.601161
-106.113825,379,332.955057
85.613065,593,333.910719
-93.986816,237,334.102183
57.011527,1000,336.85609
132.476943,488,337.580997
54.391156,1000,339.523721
114.326792,463,340.066609
117.905005,498,340.925311
-100.190305,1000,342.949139
-137.30759,361,343.372428
-15.805952,1000,345.046982
114.560651,583,346.23077
47.56706,1000,348.026385
-128.121131,378,348.41615
-125.883644,458,348.93746
93.862049,554,350.109601
-103.225219,368,350.502134
29.249368,1000,352.420274
86.308532,1000,354.107564
-167.790565,383,354.494534
25.827019,1000,357.623304
72.349093,589,358.670248
-107.026954,194,358.831657
57.487084,1000,361.384309
-144.121975,559,362.376981
152.131227,630,363.794873
123.685235,453,364.438119
118.000518,429,364.890867
-104.104501,370,365.644048
-109.306419,343,366.031278
44.006232,687,367.125716
91.085733,537,367.868341
-149.22344,240,368.077559
110.72509,532,369.31628
29.192827,1000,370.547893
85.384109,465,371.325546
72.339194,1000,374.099705
132.400054,438,374.751905
-113.924758,315,375.048542
26.498435,1000,377.456749
80.468348,1000,380.046445
-153.089355,388,380.547646
97.596702,349,381.229031
156.272675,490,381.895457
-90.853819,175,382.015929
-65.22807,225,382.215559
-114.824041,179,382.344873
40.626177,1000,384.910044
-84.651292,435,385.378461
112.308704,444,386.037267
102.469641,906,387.554088
-81.37423,261,388.058708
-98.26221,447,388.64753
112.331243,439,389.315023
43.608361,1000,391.606678
82.059419,1000,393.925011
96.277728,430,394.487788
152.444662,818,396.259297
-102.553669,263,396.501826
113.796242,488,397.167378
-89.885238,360,397.542201
145.820537,503,398.160491
86.609139,1000,399.930584
95.261055,561,400.712239
98.762474,435,416.670249
23.151521,1000,424.190061
-78.723423,427,424.591007
36.697116,1000,427.698884
61.508123,1000,429.890746
-58.293051,406,430.323749
46.005625,1000,432.231411
102.008862,780,434.183503
72.804542,1000,436.286951
109.167156,373,436.770523
-130.035777,320,437.10306
47.067752,1000,438.966144
74.487128,1000,440.90253
-86.175928,210,441.050382
93.060768,676,441.904562
14.19634,1000,444.363926
95.693977,472,445.000762
110.552031,957,447.46931
41.814658,1000,449.588572
98.270345,525,450.243536
143.742418,531,451.25802
136.732954,468,451.806782
177.786886,628,452.704966
80.307955,499,453.563079
118.106535,323,454.271539
-94.597574,345,454.578695
65.104657,1000,457.047716
62.269081,1000,458.956976
89.472542,1000,460.755871
96.199226,1000,462.557114
131.934801,554,463.101182
49.427714,1000,465.195574
95.467755,583,466.540138
-176.290435,244,466.755776
90.430284,1000,468.602409
123.171568,358,469.326977
199.440237,810,471.307306
58.467021,1000,472.725926
112.498288,421,473.735759
40.006051,1000,475.446299
112.8305,436,475.978323
144.119617,596,476.983847
24.777631,1000,478.727235
129.662,571,479.825365
116.91724,533,480.999767
-56.138321,359,481.357895
-45.803724,1000,482.856509
174.952706,846,484.698995
130.652849,511,485.585875
116.472355,426,486.130003
78.323855,1000,488.05473
-74.358241,401,488.432748
-57.471412,416,488.993084
118.309766,626,489.968746
13.255167,1000,492.622333
33.310794,1000,494.192275
78.374437,457,495.213987
134.489052,465,495.901934
56.677843,1000,497.218306
162.578878,503,498.230652
162.509718,464,498.947479
102.97289,629,499.801694
87.196565,591,500.82315
65.586243,1000,502.98224
-56.162378,444,503.534296
98.961003,546,504.512194
-138.234585,394,505.322231
0.587307,1000,506.839409
123.051787,479,507.66501
47.330229,1000,509.97507
-87.929565,250,510.198216
144.046569,417,510.690753
148.679837,467,511.222036
-10.745994,1000,513.813364
152.747313,482,514.576394
69.916718,1000,516.440919
113.215946,442,517.156559
42.846634,1000,519.713096
55.272634,1000,521.909977
122.660812,452,522.674654
113.188577,496,523.354359
26.357398,1000,525.479249
136.345014,431,525.886296
102.745321,1000,527.24467
45.843322,1000,530.191689
109.850196,514,530.862354
74.045244,1000,532.773202
100.832664,541,533.793173
142.370162,505,534.733372
115.741952,484,535.370663
103.536605,536,536.604644
38.839572,1000,539.591751
-72.268478,364,540.006996
142.763781,464,540.747896
144.841659,492,541.539687
71.100206,1000,543.375586
125.047546,486,544.023845
100.513204,1000,547.164949
55.756907,1000,548.562854
-105.260398,1000,551.24289
85.903656,1000,553.079001
94.184205,450,554.160676
113.11644,486,554.888504
131.419658,297,555.203189
84.156174,1000,556.824697
95.240227,1000,558.979325
167.452134,963,560.251601
92.466231,470,561.253337
130.499339,446,561.959879
173.083811,580,562.939334
28.191353,1000,566.013286
27.194431,1000,567.68908
139.427924,507,568.355713
79.77257,1000,570.121796
-80.739168,333,570.513797
41.976693,1000,572.488949
75.79358,1000,574.354816
39.300883,1000,576.030565
137.597355,482,576.752548
50.969705,958,577.952208
-118.200126,294,578.251552
50.263478,1000,580.213601
145.131794,520,580.868763
192.537168,489,581.817878
127.448535,438,582.812642
-152.089581,384,583.148685
146.316748,444,583.723269
151.057488,519,584.358969
84.12509,461,585.013154
78.917766,1000,586.812583
19.713589,1000,588.789525
17.014323,1000,591.701568
107.974994,409,592.318771
118.947788,391,592.89083
131.553501,514,593.667688
120.541336,427,594.096631
147.030175,925,595.569609
147.775945,476,596.292103
-85.674806,351,597.018849
128.270062,494,597.864527
159.036739,516,598.460535
64.761892,1000,601.468903
-76.961584,1000,603.426098
41.834335,1000,605.502235
-35.677247,437,606.036158
85.494696,1000,607.952429
173.947943,596,609.137795
-77.279509,221,609.317306
87.060983,1000,610.659791
88.854727,504,611.464059
10.57221,1000,614.045255
35.991224,1000,615.965202
90.500403,1000,618.069771
85.353721,496,618.737027
59.074791,1000,621.19207
52.881235,1000,622.484699
-93.757088,399,623.034349
-122.049229,339,623.370998
67.864865,1000,625.593596
-104.694799,425,626.265538
83.985076,1000,628.081157
90.709656,1000,629.753918
116.207319,359,630.179459
61.482505,1000,632.942087
20.657859,1000,634.92183
178.474675,540,636.056434
82.88452,1000,638.205296
-95.073666,403,638.666895
92.226108,1000,641.138618
146.11252,493,641.744038
183.683717,528,642.690392
34.149828,1000,644.439122
65.656906,1000,645.876538
141.421844,716,647.622534
153.782492,527,648.286543
145.769392,471,649.032359
159.259821,504,649.912384
2.062167,1000,652.371159
107.587322,516,653.231455
93.122831,1000,655.20144
46.806953,1000,657.531068
165.87295,628,658.84894
111.322908,1000,661.425412
-123.166018,330,661.76452
103.200595,445,662.325167
187.860728,547,663.135405
-129.409091,242,663.644798
199.139679,581,664.513035
83.977686,432,665.066001
121.188766,538,665.69518
40.133416,1000,667.941424
100.87154,866,669.339855
122.046842,450,670.092616
192.523117,527,671.162412
-107.127561,376,671.658742
20.181758,1000,674.316159
183.646327,491,675.378344
122.555918,641,676.638386
114.50659,460,677.424888
168.658959,625,678.777729
133.734627,647,680.152984
88.008656,445,680.827087
120.962825,515,681.470357
189.777092,572,682.628999
166.280402,485,683.452053
102.811862,958,685.448716
149.840106,493,686.181618
-104.093212,382,686.973917
-82.428,446,687.684713
220.117529,462,688.165171
48.564702,740,689.116682
206.305704,437,689.988444
100.672093,471,690.592016
76.350212,1000,691.823098
-93.196986,320,692.386248
78.339009,1000,693.778495
86.439026,507,694.649831
29.173499,1000,696.239155
162.670002,450,696.94667
192.279029,519,697.729747
56.559151,1000,700.399095
0.067775,1000,702.134964
126.198666,421,702.545521
194.781238,455,703.38046
165.458388,583,704.018162
107.834226,467,704.694867
165.926726,250,704.921574
-84.044506,329,705.261502
110.278156,649,706.451046
-9.728512,1000,708.36493
167.918747,615,709.649941
37.740254,554,710.622845
40.397175,639,711.526637
78.837636,1000,714.388256
70.979483,1000,716.692842
141.713988,400,717.155497
153.23335,538,718.46782
118.697669,794,719.572016
173.600189,476,720.329115
202.259442,475,721.077287
-88.339055,394,722.023296
161.634926,489,722.654059
156.596779,618,724.060479
85.943293,495,724.832499
-105.067919,387,725.650629
181.571387,486,726.394794
83.247359,608,727.267342
124.857401,527,727.950455
220.883975,482,728.971878
196.566303,496,729.868508
104.068145,547,730.582754
122.182937,436,731.020779
124.149425,805,732.776498
94.782245,1000,734.779814
167.628005,607,735.919807
181.385273,484,736.963549
129.434183,458,737.734257
168.401925,547,738.609989
178.245662,686,740.642301
-345.762264,599,741.712496
178.666539,475,742.552888
-23.729177,161,742.676689
91.11737,553,743.528552
175.263114,510,744.658246
134.790099,561,745.328706
76.465427,1000,747.168825
170.773103,429,748.106298
143.041069,479,748.793974
99.030833,546,749.530307
198.756619,750,751.288421
144.314048,542,752.53567
118.479186,476,753.119914
-118.650515,391,753.439753
23.553232,1000,756.125428
162.557861,541,757.31504
136.786862,548,758.335269
107.006239,514,759.186374
38.556438,1000,761.10523
144.609086,597,761.891591
179.184571,525,762.967112
-96.788046,402,763.384713
177.371541,472,764.272669
117.196566,517,765.096437
128.769068,565,765.849673
105.648671,452,766.928236
179.7873,490,767.773901
73.094525,1000,770.256141
84.988014,546,771.587157
6.060578,1000,773.457936
45.350871,1000,776.338115
96.179612,445,776.940382
76.285283,1000,780.335372
229.476454,419,781.143533
48.557496,676,782.446777
165.509913,911,784.124715
126.429474,332,784.82381
199.089599,497,785.664088
201.675721,482,786.376109
169.729426,555,787.400757
138.185623,393,787.807724
11.156366,1000,790.120452
111.768288,584,791.34035
147.241317,770,793.154838
175.134634,629,794.240231
63.699719,1000,796.033164
66.655946,776,798.303761
76.288984,487,798.886244
52.017475,1000,801.72644
54.006101,643,803.481786
33.633124,1000,806.278471
128.146727,405,806.751065
20.199056,1000,840.390033
88.449673,404,854.228989
93.179144,1000,856.038729
153.92672,481,857.029455
-0.562653,1000,859.761317
118.20242,472,860.634746
155.002975,673,862.492871
172.669045,486,863.55885
126.146492,455,864.467716
155.54855,465,865.229751
201.711857,486,865.753085
-72.925071,247,866.278133
-48.539532,456,866.918556
72.909475,497,867.710843
193.444528,536,868.646013
203.755525,455,869.380546
148.469454,476,870.34165
93.212595,1000,872.532633
161.798597,495,873.419585
100.623075,410,874.397488
129.673156,374,874.991276
78.595343,663,876.008032
91.167521,453,876.511652
111.295541,437,877.41373
100.479722,449,878.099476
79.054115,437,878.734765
165.732787,256,879.007288
180.411696,527,879.991095
47.632068,1000,882.334209
129.876099,500,883.08225
181.033382,980,885.24535
105.001294,1000,888.435458
72.502496,1000,890.556807
182.178975,512,891.414292
160.942274,558,892.248603
165.864714,481,893.067801
203.037501,492,894.026041
126.509359,380,894.56545
-116.532943,330,894.918039
174.384073,501,895.607679
163.733898,408,896.031811
80.787371,527,897.046484
124.321727,680,898.445421
54.103703,575,899.256968
164.388641,493,900.22375
194.846151,435,901.117206
118.367931,483,901.913087
63.875012,1000,903.3572
26.452492,1000,906.080829
97.18398,924,907.206414
-104.342368,341,907.88565
185.025749,468,908.613438
-76.507625,410,909.238672
106.364424,492,910.076392
74.433226,574,910.89057
-86.734371,369,911.680825
28.933031,1000,913.937053
76.020528,799,915.904189
126.234138,485,916.696373
69.514766,1000,919.346452
195.025908,531,920.584485
121.198238,405,921.100498
191.733561,495,922.014895
134.449859,470,922.810838
189.668974,568,923.749417
77.616906,1000,925.491534
-59.832941,401,925.905724
-3.015714,1000,927.759356
111.465916,475,928.691713
138.226435,429,929.193143
108.702307,557,930.232383
115.108545,442,931.314708
133.694293,602,932.33393
205.978909,476,933.108815
-134.758472,380,933.596458
121.697735,395,934.176481
137.952416,507,935.139087
75.015876,1000,936.636955
42.866399,1000,938.518344
-168.260945,393,938.964526
87.486198,477,939.809561
31.680642,1000,941.90014
149.255452,537,942.944671
109.044864,323,943.341834
14.164473,1000,945.795713
207.40317,549,946.85853
94.280831,489,947.611069
-73.466222,195,947.760377
-153.31021,343,948.101238
192.298503,597,949.384524
-98.371058,197,949.539234
100.620123,482,950.416064
-36.723751,452,951.107634
-80.377523,391,951.633494
-60.657346,451,952.520942
141.093924,544,953.549494
75.419152,422,954.154654
194.349402,477,954.663751
111.979211,438,955.310579
70.141098,590,956.576448
173.0633,511,957.238633
174.928423,500,957.815283
87.831116,553,958.872321
202.9361,458,959.874039
-63.48433,159,959.996618
128.280342,448,960.838586
-50.92336,506,961.472485
181.590606,458,962.256784
167.504356,514,963.154354
102.412919,509,963.992346
-62.47006,443,964.44602
-57.734062,451,964.998955
117.635119,313,965.700671
78.030273,361,966.183795
-60.201677,180,966.328546
179.783556,413,966.884917
-237.830379,337,967.206069
199.069744,786,968.743772
94.887678,364,969.211632
-69.115173,206,969.397234
81.768306,378,969.887609
-215.753458,347,970.290862
92.778307,495,970.95666
214.324868,450,971.750335
82.349142,1000,974.342987
-100.946217,217,974.502689
29.399967,1000,977.590756
181.824302,508,978.381197
-168.240807,209,978.559867
180.718465,489,979.138595
137.47769,382,979.852898
174.161261,613,980.810769
-0.160912,1000,983.844867
141.806922,492,985.023656
-117.091548,359,985.494708
77.665658,520,986.015184
177.127922,469,986.666138
-137.702215,170,986.801501
-104.335668,189,986.946643
151.724262,695,988.239403
188.390625,493,988.986997
-80.863648,394,989.557632
-69.226199,422,990.224878
65.400608,1000,993.02508
80.589239,580,993.975218
86.04005,531,994.626833
11.920943,1000,996.845207
123.948753,513,997.576515
-83.504939,205,997.734076
114.050794,391,998.239338
194.482053,560,999.332379
97.897951,458,1000.059833
106.827111,454,1000.82202
174.091868,553,1001.864833
198.458313,481,1002.864135
-96.315927,194,1003.008443
107.672881,346,1003.416838
120.057824,356,1003.845305
69.837808,1000,1005.555923
-77.138186,267,1005.814315
153.9732,449,1006.523299
82.853482,509,1007.523692
175.758623,493,1008.53011
32.421415,1000,1011.393471
148.259306,280,1011.663979
205.61663,473,1012.376295
200.161768,434,1012.905995
156.767948,490,1014.069081
-84.808361,444,1014.576932
202.403718,423,1015.18996
163.795265,502,1015.893561
142.159476,438,1016.81954
174.658327,472,1017.436574
174.823732,505,1018.218608
94.282882,377,1018.672426
179.300917,433,1019.168236
151.379387,298,1019.79128
83.50654,328,1020.189773
117.179154,285,1020.504723
106.786186,470,1021.35024
122.370386,296,1021.665078
57.272617,1000,1024.727462
-249.946255,457,1025.187454
155.91901,746,1026.608405
192.148583,713,1027.98516
147.429212,453,1028.685803
167.794869,496,1029.520254
142.841853,594,1030.673949
149.447866,249,1031.192316
81.119791,1000,1032.412455
190.586721,498,1033.322159
132.551466,333,1034.064861
79.619755,384,1034.662269
108.317663,565,1035.372073
122.226088,413,1036.062876
-219.132338,442,1036.554767
179.268705,526,1037.495455
94.714962,468,1038.005676
177.750922,495,1038.778088
63.490269,1000,1040.66609
61.459072,1000,1043.363488
-97.03163,374,1043.873747
186.921112,762,1046.150344
87.679675,1000,1047.592028
84.4816,504,1048.547451
124.90963,543,1049.600537
113.079718,548,1050.637267
186.560477,526,1051.6888
156.860916,543,1052.334299
127.197146,614,1053.646827
43.833636,1000,1056.745468
200.993462,535,1057.537705
118.306909,485,1058.725025
101.430924,549,1059.677166
112.58161,520,1060.165032
20.3764,1000,1062.775662
142.991543,447,1063.438067
127.773049,514,1064.374536
126.144783,457,1065.020994
157.977913,410,1065.967471
-67.540285,376,1066.457474
77.007531,408,1066.990939
177.050624,523,1068.132252
207.664423,459,1068.893675
121.841346,450,1069.838286
94.522582,517,1070.409406
142.873646,477,1071.163142
181.53829,498,1072.032589
180.815642,749,1073.134525
104.200672,571,1074.281785
44.652953,1000,1076.726754
181.952331,481,1077.436212
131.371346,538,1078.548326
127.282551,304,1078.861396
-64.254165,450,1079.285963
129.630396,467,1080.413379
104.38588,418,1080.978346
88.638897,499,1081.858031
102.800673,437,1082.6321
172.822887,476,1083.866952
142.368147,526,1084.638959
-73.863426,430,1085.090996
-101.689762,480,1085.913363
183.440644,562,1086.790097
-57.98605,431,1087.21968
17.437359,1000,1089.676288
36.98031,1000,1092.734368
107.479486,371,1093.287434
126.159505,531,1093.93228
136.782179,414,1094.614558
143.276078,284,1094.927834
158.336373,521,1096.010896
161.700978,537,1096.820482
180.527099,531,1097.756393
205.167801,639,1098.917159
132.580704,503,1099.51455
111.176669,449,1100.332417
-63.591813,463,1101.163703
92.626651,534,1102.128165
74.905787,1000,1103.710998
160.867625,740,1104.954615
165.119052,563,1106.464552
-43.299319,482,1107.186079
78.602336,486,1107.975072
84.075795,1000,1109.687078
-64.379555,201,1109.859785
183.050716,882,1111.647399
178.087683,850,1113.535089
107.619042,473,1114.29177
-93.93068,219,1114.459246
127.535892,682,1115.380058
-118.700263,363,1115.833433
186.018552,512,1116.761121
115.513568,410,1117.395358
79.307699,1000,1119.427177
103.487775,462,1120.561681
82.71917,512,1121.439039
182.247008,594,1122.374686
157.281443,684,1123.155064
180.805556,579,1124.215636
192.165926,473,1125.093739
143.022249,493,1125.940398
-83.399997,268,1126.208203
173.660045,668,1127.972522
188.365714,507,1128.956825
136.483838,545,1129.555888
103.145087,468,1130.179533
108.71817,465,1131.403677
114.128423,415,1131.938583
135.568972,298,1132.296476
175.609676,681,1133.942226
143.355866,569,1135.319681
205.136059,527,1135.925988
-102.208496,343,1136.331955
92.348784,410,1137.010737
126.923293,595,1138.338057
141.007424,898,1139.822943
191.152919,512,1140.753094
151.287775,581,1142.294719
163.914065,510,1143.479893
183.068244,485,1144.390797
131.092208,918,1146.795252
110.813476,443,1147.764646
183.578795,534,1148.807525
177.586491,381,1149.282006
167.038659,516,1150.111904
119.569202,403,1150.931633
149.618436,672,1152.640602
185.288044,971,1154.757057
186.415375,540,1155.937198
108.152071,354,1156.370209
95.550378,529,1157.096511
169.417068,469,1157.74519
163.394099,493,1158.583423
-163.735251,248,1159.123772
191.241693,514,1160.016589
-60.45152,290,1160.273506
-78.027283,357,1160.669543
130.085529,516,1161.640925
187.420846,493,1162.772734
120.026052,432,1163.466783
114.660072,481,1164.046997
156.277843,472,1164.572218
187.839638,520,1165.527841
141.655952,914,1168.504609
98.448139,447,1168.982854
179.026054,508,1170.0181
116.686248,535,1170.954418
112.946973,489,1171.655099
131.483085,352,1172.045141
146.776497,510,1172.972698
117.116254,448,1173.964299
93.068047,782,1175.153439
69.927648,1000,1176.787862
172.597362,538,1177.690332
-73.167739,454,1178.215309
95.006791,442,1178.959533
-62.039974,191,1179.116896
105.340882,459,1180.16763
158.805196,571,1181.285274
169.786496,435,1182.003274
-76.507254,329,1182.380841
-66.528481,494,1183.08016
63.555066,481,1184.129115
42.444086,1000,1186.637486
120.444147,606,1187.412412
113.863517,840,1189.802327
86.774995,531,1190.61415
186.314008,513,1191.405061
162.986594,496,1192.375551
123.557869,479,1193.057473
123.583814,643,1194.227172
168.564569,497,1195.181954
159.048894,508,1196.280294
174.885799,319,1196.597635
105.162321,511,1197.455122
163.29816,474,1198.270043
135.748598,469,1199.377984
206.093409,482,1200.180276
180.394751,624,1200.892478
146.988282,385,1201.345469
172.043958,447,1202.097073
76.544304,486,1203.339928
98.525751,461,1204.084435
157.181657,417,1204.561558
141.882798,266,1204.859893
126.243073,481,1205.761608
169.261624,505,1206.862072
98.452661,547,1207.448028
128.331752,559,1208.486844
79.337232,661,1209.506954
148.619187,604,1210.466992
115.093114,487,1211.222795
126.225102,395,1211.678002
133.999749,520,1212.726762
-166.251715,439,1213.138312
101.437247,504,1213.831349
115.844494,424,1214.291992
123.884826,580,1215.626728
167.96021,475,1216.512067
171.06793,486,1217.304091
106.672539,372,1217.800894
133.377598,446,1218.328676
174.133119,445,1219.381702
168.958378,500,1220.262854
38.768785,1000,1222.53132
123.961386,521,1240.50928
160.681951,465,1248.369577
-69.273615,450,1248.896738
120.374216,397,1249.410506
100.462973,434,1249.997252
-72.339221,320,1250.647372
-52.366559,497,1251.332543
78.140318,495,1252.189844
158.842425,480,1253.129704
147.77399,742,1255.529808
-57.540749,274,1255.816992
160.151388,544,1256.856692
128.117772,512,1257.560345
130.74485,492,1258.451973
131.562262,571,1259.787987
170.699097,477,1260.500382
53.40926,1000,1263.742047
174.599606,523,1264.830866
125.887942,420,1265.577902
180.484816,477,1266.120512
117.705773,434,1266.815297
140.035711,498,1267.918294
102.26928,495,1268.703299
92.905288,622,1269.395222
127.14703,378,1269.9318
185.345653,472,1270.928988
113.047162,570,1271.565944
-51.503365,445,1272.123744
183.158361,473,1272.831382
118.786288,511,1273.953941
164.778675,458,1274.72453
149.366058,536,1275.657865
188.597135,494,1276.217683
154.023016,496,1277.104813
128.532828,424,1277.704228
155.691978,505,1278.668309
116.147712,486,1279.180014
80.186617,1000,1280.991826
138.843421,420,1281.639941
58.509117,1000,1283.270032
166.5583,473,1284.343232
163.663509,507,1285.137524
163.340474,671,1286.827352
142.029447,508,1287.623955
125.549472,777,1290.146207
179.223246,468,1290.813926
160.081624,481,1291.666005
62.289717,1000,1293.419782
174.212354,567,1294.421323
155.251037,874,1296.322551
142.649041,389,1297.04351
167.709292,495,1297.938689
184.135198,514,1298.526854
192.513798,467,1299.246167
136.972711,533,1300.428267
173.178192,488,1301.378912
40.735912,1000,1302.755648
-133.074006,317,1303.399193
62.3188,1000,1305.137712
105.253552,429,1305.773726
136.331862,439,1306.371997
144.657771,537,1307.567355
164.77398,509,1308.467921
-80.139182,433,1309.144819
209.183271,487,1309.730677
137.70571,344,1310.391242
126.99124,488,1311.342051
94.334009,475,1311.939651
172.763382,763,1313.858634
50.505846,1000,1317.151947
88.491677,524,1317.828797
58.351733,1000,1319.377618
123.772169,380,1319.973409
143.496744,245,1320.229952
69.715349,1000,1322.38339
169.334337,515,1323.438254
17.386948,1000,1324.875454
79.919876,416,1325.399217
129.209309,496,1326.510154
148.871769,480,1327.223212
129.978608,581,1328.186486
138.056561,486,1329.084443
179.017434,588,1330.317231
126.680229,657,1332.017099
128.165868,435,1332.528135
-309.463666,607,1333.581223
115.201568,470,1334.374573
140.507859,491,1335.275599
57.479061,1000,1337.517981
164.320119,346,1338.148298
117.197405,391,1338.728834
200.584651,501,1339.509918
119.549973,478,1340.170806
145.422588,250,1340.426048
143.1398,474,1341.663511
176.638906,522,1342.821284
56.080369,1000,1344.11928
-31.582243,486,1344.996685
144.306353,396,1345.679111
141.815728,890,1348.433468
172.778028,470,1349.24937
158.416306,475,1350.266927
147.191615,812,1352.258009
83.311515,672,1353.16516
-50.411884,392,1353.956556
147.758552,425,1354.570982
197.060876,510,1355.147555
196.049923,455,1355.839457
132.546846,266,1356.122809
142.304695,867,1358.519595
142.945194,360,1358.996088
71.583567,1000,1361.988499
-68.069392,295,1362.273415
-209.453501,551,1363.056608
153.974386,410,1363.707695
93.661701,496,1364.510214
122.75065,320,1365.140241
162.463375,286,1365.45495
167.122096,862,1367.978649
135.149246,341,1368.386057
140.373854,282,1368.716248
108.397677,452,1369.824505
109.363167,526,1370.58881
157.504232,505,1371.572084
189.577259,519,1372.376859
193.321144,501,1373.596991
-70.588224,248,1373.849667
128.333611,564,1374.955266
-72.515227,457,1375.432524
138.625514,377,1376.034739
123.364428,607,1377.515273
165.0038,349,1378.014253
120.428689,428,1378.432855
137.201959,452,1379.10758
166.486994,470,1379.995223
184.198683,629,1381.18908
53.913145,1000,1383.671091
111.446103,500,1384.576543
168.977092,527,1385.273348
30.009259,1000,1387.37934
179.982878,479,1388.655199
128.629133,444,1389.421258
184.337644,467,1390.214622
34.355203,1000,1393.174973
121.739619,425,1393.76649
172.946799,517,1394.621874
89.288754,512,1395.439538
173.38101,582,1396.879514
152.605009,488,1397.731016
115.945524,358,1398.237244
132.613679,685,1399.798203
128.916316,338,1400.266889
98.926392,451,1401.315204
192.984573,455,1401.909918
114.02888,470,1402.701268
184.153923,495,1403.512753
189.451693,484,1404.515165
106.624016,326,1404.93596
158.025843,311,1405.264386
64.013953,1000,1406.322051
124.914492,272,1406.86372
124.842681,809,1408.787693
106.66112,474,1409.66603
101.21251,425,1410.179642
144.010063,339,1410.781822
123.049504,459,1411.602365
206.140364,513,1412.306732
147.065639,303,1412.670381
156.792981,540,1413.702481
187.977199,491,1414.593603
149.447782,423,1414.998281
126.557912,319,1415.384727
137.739382,327,1415.836387
133.44466,463,1416.575836
199.015341,485,1417.83501
154.657779,826,1419.695142
160.160166,333,1420.088887
177.604202,496,1421.055125
87.872726,429,1422.030532
199.024795,211,1422.212666
156.695484,430,1422.710039
83.048482,490,1423.438765
171.980176,528,1424.369029
156.926516,496,1425.342091
124.571982,405,1425.856878
72.482039,1000,1427.989191
182.092507,475,1429.107209
129.602885,438,1429.611852
187.805251,697,1430.754335
126.879051,495,1431.752342
167.486438,520,1433.013585
142.218642,756,1434.201735
50.482425,1000,1437.641593
127.212065,416,1438.068639
128.649966,341,1438.443232
114.683852,449,1439.176175
157.969984,280,1439.459832
170.374431,506,1440.292939
148.204121,555,1441.7172
93.143584,1000,1443.955668
134.069166,491,1444.888007
161.178346,666,1446.697377
176.043136,494,1447.447607
129.009324,445,1448.174411
127.020839,532,1449.374946
186.631447,512,1449.992723
130.472997,511,1450.875003
87.17207,476,1451.645941
141.752463,722,1453.825124
185.168127,516,1454.534561
83.373086,532,1455.438066
167.918431,748,1457.011228
178.594011,522,1458.009192
153.939507,432,1458.693325
122.536524,491,1459.478192
118.302392,607,1460.826296
85.913335,487,1462.027775
47.537389,1000,1464.069265
136.409362,531,1465.082497
154.431794,515,1466.446374
62.803445,1000,1468.157942
141.16137,505,1469.01721
192.989289,537,1470.225351
144.878137,527,1471.102826
189.22604,361,1471.476614
158.621969,632,1472.781104
103.111756,487,1473.991148
166.939658,618,1475.053424
93.452616,1000,1477.273482
138.0282,554,1478.047883
-53.614996,339,1478.388269
154.50431,592,1479.287893
135.325985,548,1479.991436
159.717137,495,1481.247789
162.002846,497,1482.065875
174.16364,521,1483.020095
161.134644,326,1483.36388
126.82627,521,1484.376894
188.050259,554,1485.154344
176.249724,561,1486.083942
148.183213,221,1486.296238
177.943909,525,1487.302973
-50.844358,234,1487.524845
165.995049,298,1487.822246
-171.071138,268,1488.108315
-51.725602,414,1488.72569
115.201322,449,1489.16078
82.913436,1000,1491.800896
-107.386615,268,1492.051139
125.458888,619,1493.07934
169.373399,550,1494.310318
148.337603,518,1495.415465
142.572295,487,1496.122427
93.556047,522,1496.969827
190.964699,828,1498.529798
113.671921,751,1500.187208
70.066686,484,1500.970741
99.383795,403,1501.755116
143.352182,496,1502.686062
183.246205,470,1503.356142
163.031986,539,1504.475477
33.267981,1000,1507.970964
176.26429,491,1508.510223
141.258308,555,1509.225061
116.277673,465,1510.048096
120.571664,376,1510.850887
84.716336,1000,1512.250357
156.884231,472,1512.992002
108.603606,390,1513.814249
175.463091,474,1514.357311
111.498175,465,1515.100006
197.183345,559,1515.935614
156.015694,465,1516.905813
120.037986,641,1517.847961
148.723799,944,1519.822157
80.674804,1000,1521.689214
140.30031,477,1522.52921
118.160089,483,1523.479678
193.409491,461,1524.136547
46.331325,1000,1526.937853
163.918318,499,1527.672737
153.110259,525,1528.556745
112.17178,435,1529.608944
166.127734,953,1531.846734
133.150961,468,1532.423364
136.148527,543,1533.807628
107.124841,544,1534.752887
129.421728,343,1535.227464
161.940558,527,1535.918275
128.784608,572,1537.006482
173.596915,470,1537.581524
126.933698,548,1538.407435
130.292868,659,1539.423544
125.398538,482,1540.505018
-52.767906,480,1541.330951
155.142819,402,1541.923039
173.696615,510,1542.659786
135.919608,552,1543.954157
143.426157,464,1544.515343
178.447237,491,1545.372375
123.737759,390,1545.92453
122.75845,393,1546.411316
156.838095,450,1547.420816
129.484972,494,1547.877122
168.138341,516,1548.622197
184.825331,528,1549.453121
159.31742,549,1550.678715
191.060039,503,1551.291029
106.295181,455,1551.998787
155.463779,969,1554.960031
177.842726,547,1555.838821
160.513234,473,1556.626846
150.311382,528,1557.225518
57.618382,883,1558.794435
110.282259,501,1559.39304
118.048027,411,1560.04611
120.454515,464,1560.557945
132.405218,383,1561.420887
197.758878,460,1562.038959
116.389617,884,1563.950126
-69.383301,307,1564.338389
150.303739,477,1565.529586
137.601328,316,1565.864017
-107.580228,349,1566.290365
148.42855,658,1567.618782
168.858077,548,1568.857164
172.875102,380,1569.38332
155.590173,556,1570.508309
97.116793,454,1571.393486
-183.066368,571,1572.323431
155.339531,462,1573.01983
200.846716,506,1573.719786
104.410405,485,1574.635299
141.374132,551,1575.605639
134.111531,459,1576.309408
141.900004,370,1576.790406
161.011991,379,1577.297861
83.532809,557,1578.223415
147.810828,535,1579.621804
128.655584,325,1579.978152
158.069929,516,1580.90115
139.397428,528,1581.899114
80.951357,523,1582.899551
111.053918,413,1583.516691
133.264672,458,1584.313246
103.660341,453,1584.971861
126.817128,708,1587.223817
-34.481352,458,1587.811761
138.014006,291,1588.126941
132.681989,523,1589.196409
125.013892,416,1589.760898
131.164417,380,1590.584156
148.615095,352,1591.034629
110.820053,518,1591.907234
81.521837,632,1592.705272
145.193834,493,1593.927582
126.931281,318,1594.290664
180.463963,484,1595.054949
208.127058,519,1595.645261
146.283695,483,1596.460636
152.810007,416,1597.251924
92.41997,497,1597.827229
201.231653,471,1598.55525
140.52194,574,1599.35362
141.644419,578,1600.80037
137.784193,447,1601.439189
87.242447,545,1602.119319
148.726366,404,1602.66588
150.119529,505,1603.545252
80.077585,602,1604.480036
126.067071,409,1604.82386
-61.188823,310,1605.17991
138.466449,338,1605.584996
155.667606,335,1606.259941
161.767867,427,1606.735028
170.434065,803,1608.178477
102.703743,529,1609.064911
180.249551,493,1610.237027
166.659147,538,1611.03717
111.948531,497,1611.896008
-115.622821,448,1612.451264
145.400792,459,1613.627955
176.45947,492,1614.568472
78.496181,1000,1615.950006
150.854654,504,1617.180384
153.367008,579,1618.505988
138.467824,557,1619.352278
167.651002,498,1619.91858
183.801094,519,1637.595061
149.533242,500,1644.936318
162.25147,518,1645.581941
154.05421,369,1646.092641
181.337425,533,1646.93813
104.647481,442,1648.027524
-281.302076,520,1648.81378
134.571583,529,1649.787801
139.647407,492,1650.674432
181.215158,506,1651.635093
175.091223,464,1652.5756
166.339185,404,1653.108382
189.919831,486,1653.836581
166.306189,481,1654.922392
113.824876,361,1655.293855
106.515859,544,1656.21343
148.451133,348,1656.711452
173.345295,466,1657.498887
83.375995,1000,1659.053364
180.652259,470,1659.742502
180.52464,475,1660.497688
-90.547637,381,1661.179217
120.325675,497,1661.873734
126.010228,474,1662.548033
101.103935,483,1663.282855
96.545149,448,1664.073633
194.139421,485,1665.06008
132.094851,446,1665.899566
184.524992,506,1666.780277
168.166375,484,1667.561693
136.867105,454,1668.643772
150.358221,311,1668.959198
161.065893,299,1669.29807
-44.119029,424,1669.935032
162.493238,466,1670.605855
-43.287879,442,1671.489388
186.111346,491,1672.261291
175.998153,473,1673.207987
133.638296,435,1673.845474
-107.594813,457,1674.452819
187.24143,316,1675.064663
42.501431,1000,1677.215802
-187.431801,343,1677.52676
128.139574,445,1678.231275
136.5098,614,1679.95787
178.835616,470,1680.700348
194.234779,517,1681.453993
164.094954,500,1682.70543
148.719515,508,1683.430819
168.678878,528,1684.26666
-124.26702,435,1684.774614
149.225614,453,1685.407816
138.170665,390,1686.115308
156.781508,496,1686.980552
-81.304601,439,1687.3929
159.417309,486,1688.032591
137.728867,505,1689.253222
115.433264,355,1689.575276
126.320587,498,1690.530316
162.156346,502,1691.050473
144.113053,473,1691.764349
159.320602,560,1692.750291
125.053989,480,1693.532935
180.489571,494,1694.284314
119.614828,834,1696.080197
144.743363,466,1696.808806
179.934762,449,1697.577399
164.656653,528,1698.161612
166.531351,480,1699.133394
143.095068,472,1699.807976
-95.818349,425,1700.448104
192.911602,483,1701.125552
-54.782867,436,1701.608668
179.066159,516,1702.556693
142.806188,480,1703.255992
51.823117,1000,1705.257985
-75.084661,364,1706.060005
147.582275,661,1706.894041
162.699468,470,1707.699598
149.441669,501,1708.451963
149.808431,512,1709.425663
70.314928,1000,1711.540703
184.551329,491,1712.227551
139.61591,404,1713.112498
135.391303,415,1713.609726
161.371691,484,1714.509532
142.361579,531,1715.352123
165.416569,553,1716.530787
198.331022,433,1717.239273
162.497019,448,1717.846038
121.16658,536,1718.555438
147.806305,568,1719.667768
172.453907,452,1720.426383
57.035946,1000,1722.161298
185.346724,625,1723.451626
168.310448,472,1723.948527
41.281439,1000,1725.441045
209.016183,449,1725.942607
-42.566226,416,1726.634922
134.717259,506,1727.39947
149.705646,464,1728.092506
-160.49644,370,1728.457901
146.643919,446,1729.438421
206.876715,472,1730.080726
174.163682,445,1730.773527
49.347658,1000,1733.408902
137.224848,498,1734.587125
72.063127,1000,1735.696845
191.553545,468,1736.425196
165.33901,503,1737.471215
177.843416,475,1738.187926
190.413994,469,1738.829901
134.515033,500,1739.388188
181.530933,456,1740.427148
150.726418,574,1741.503923
17.309572,1000,1743.409768
184.565469,525,1744.484434
148.10613,482,1745.284115
206.17647,442,1745.787259
193.422417,473,1746.427324
179.367453,410,1747.197103
159.450427,508,1747.873918
117.504152,732,1749.717502
184.032373,476,1750.402915
127.692908,403,1751.241012
161.013949,318,1751.625279
201.647739,451,1752.11642
94.756218,486,1752.697703
156.655262,486,1753.387334
184.266369,595,1754.45532
82.975387,516,1755.113013
170.041998,444,1755.713051
185.78741,497,1756.400685
201.149096,488,1757.274756
131.686666,431,1757.913754
-40.997477,435,1758.243531
194.975368,450,1759.023682
135.779337,478,1759.853069
180.220197,463,1760.670826
167.293162,544,1761.559867
187.173377,463,1762.354156
193.162909,455,1763.009145
139.000952,641,1764.460865
180.236557,463,1765.134244
195.072926,500,1765.974298
161.513473,441,1766.462631
144.235161,593,1767.486079
134.078403,443,1768.181437
168.259066,469,1768.898559
-51.324939,444,1769.22675
165.982163,527,1770.379017
170.372467,428,1770.93275
165.349901,489,1771.741474
198.826986,462,1772.414288
179.024852,491,1773.345905
183.328276,483,1774.072377
160.340536,547,1774.565726
130.261326,571,1775.427123
114.047165,601,1776.493306
149.619892,503,1777.234074
145.114832,479,1778.081537
131.912011,532,1778.723786
103.496757,479,1779.827388
-97.009415,349,1780.174685
145.606694,506,1780.929584
117.345167,370,1781.485116
164.05408,679,1783.174647
196.374539,471,1783.658301
195.322359,516,1784.287672
146.827207,371,1784.724731
176.037278,449,1785.243806
183.906218,524,1786.336964
92.853389,492,1787.125195
170.366317,487,1787.799356
125.813079,463,1788.559264
169.724683,480,1789.50442
147.647723,711,1790.571434
183.482797,497,1791.184615
144.524148,448,1791.865318
156.284284,348,1792.457577
148.565727,599,1793.688163
78.279844,1000,1794.922868
119.395823,890,1796.672556
131.224804,407,1797.261878
203.501859,454,1797.880148
158.7973,634,1798.92051
188.226231,531,1799.524981
148.166973,461,1800.243325
165.628847,389,1800.822358
181.728038,330,1801.183856
196.000187,540,1802.179767
91.245004,663,1802.91698
170.212781,915,1804.581827
86.282049,1000,1806.039366
155.111872,521,1806.77742
165.55955,503,1807.61851
106.482111,519,1808.676643
157.116158,495,1809.451188
165.099945,471,1810.144919
65.69784,1000,1811.926649
145.868992,496,1812.717134
78.473503,686,1813.437931
183.333827,451,1813.934309
73.027705,541,1814.899651
141.21359,358,1815.311048
-86.943091,399,1815.804351
84.174537,1000,1817.437485
88.525204,553,1817.985765
206.896274,497,1818.658243
142.427259,519,1819.407343
171.041426,496,1820.436947
63.658255,607,1821.343343
193.046504,461,1822.012768
97.942637,441,1822.747267
135.633912,482,1823.666751
192.561654,458,1824.339078
152.106193,308,1824.621963
209.199314,430,1825.200792
162.186585,497,1825.834646
141.213078,495,1826.73119
161.359403,275,1826.990976
87.854527,480,1827.470343
154.028193,427,1827.972865
183.861052,436,1828.408533
174.934097,428,1829.406783
118.162808,422,1829.790228
166.132441,641,1830.840435
113.337328,630,1831.55389
165.534864,503,1832.721088
118.457055,441,1833.39304
118.618641,445,1834.06361
164.959091,526,1834.776879
174.789751,410,1835.565562
117.235352,483,1836.241127
85.814025,491,1836.940638
155.745064,444,1837.503341
98.02835,484,1838.166451
130.137967,462,1839.249673
103.537374,489,1839.935721
97.908529,514,1840.778025
24.764694,1000,1842.638832
164.180121,459,1843.313483
184.685281,460,1844.030534
96.690228,444,1844.704809
-73.352829,361,1845.329335
172.400885,519,1846.232393
193.152514,443,1846.810318
94.949758,512,1847.456757
121.697614,572,1848.581674
-72.400993,458,1849.151456
134.822563,513,1849.793562
173.146864,457,1850.271905
134.516718,517,1851.030499
128.149409,554,1852.194397
126.02367,547,1852.79902
179.371509,501,1853.423524
103.372257,474,1854.161948
189.062602,471,1854.887463
148.49292,480,1855.672671
210.3963,450,1856.234231
145.951602,477,1857.022429
-68.479523,470,1857.910382
110.898936,468,1858.598783
143.744646,631,1859.348723
160.476629,495,1860.043794
179.062092,506,1861.151227
180.692026,452,1861.722257
196.088897,476,1862.235607
104.643801,507,1862.965061
102.189459,724,1864.698299
177.159136,485,1865.563125
117.377709,411,1866.115377
101.517339,476,1866.798637
118.512188,677,1868.01984
151.956186,463,1868.648057
131.909204,438,1869.26987
148.579561,406,1869.729475
149.26943,467,1870.622554
135.830157,485,1871.336753
134.574345,514,1872.183576
187.282707,460,1872.826553
-70.942491,383,1873.202146
151.675198,743,1874.796979
119.053458,482,1875.491568
170.63705,539,1876.226131
193.640411,489,1877.235558
59.931837,1000,1878.804005
133.830828,455,1879.335741
139.229017,550,1880.483333
186.28246,457,1881.086524
160.862632,475,1881.862368
202.381615,460,1882.378302
-49.307408,220,1882.541404
176.928651,485,1883.391265
147.848182,501,1884.163089
83.886859,1000,1885.651895
179.007746,347,1886.33577
179.918342,471,1886.941309
89.664702,437,1887.541395
163.855581,486,1888.243177
133.661325,436,1888.909675
129.780731,430,1889.5189
143.576498,360,1890.01503
142.533285,411,1890.519016
139.901979,438,1891.196602
78.665761,470,1891.821551
200.428169,487,1892.595739
122.145051,493,1893.233872
203.822603,463,1893.853558
183.924443,504,1894.649115
207.05451,440,1895.332497
90.061613,620,1895.893764
128.903573,385,1896.350212
179.718611,483,1897.071309
-70.077362,339,1897.436346
165.048723,474,1898.450258
189.263864,470,1899.047427
160.697078,440,1899.552726
122.178802,408,1900.104885
120.398842,487,1901.085084
114.932814,416,1901.643447
207.533113,500,1902.151586
166.234341,463,1902.722603
139.804881,480,1903.502109
161.684985,510,1904.39674
141.239465,485,1904.91524
178.786136,481,1905.5947
139.90044,507,1906.429022
194.859139,506,1907.411062
-65.294669,430,1907.816339
132.903497,359,1908.173436
129.639371,476,1908.723529
133.128319,457,1909.714212
191.543913,456,1910.265901
113.215117,454,1910.841445
144.802707,475,1911.472092
165.537451,421,1911.855409
183.120788,480,1912.604321
149.326671,434,1913.236671
127.726208,452,1913.915096
164.918814,967,1915.663709
114.565058,807,1917.193835
155.642536,500,1918.06339
98.43594,542,1918.856685
129.124324,358,1919.596172
134.273276,480,1920.379534
199.846231,463,1920.95672
134.325298,577,1921.780648
168.36859,498,1922.748713
109.630557,462,1923.377186
-83.964959,437,1923.770875
194.697062,449,1924.388254
125.560484,421,1925.128906
129.403791,445,1925.83092
144.860966,427,1926.49391
149.237988,765,1927.916822
178.607396,468,1928.962003
155.845024,471,1929.584114
173.218731,436,1930.25668
164.175441,507,1930.958265
124.511315,453,1931.664098
110.704992,578,1932.558575
197.018859,913,1933.616279
130.329143,449,1934.146919
110.291982,511,1935.116367
205.645103,433,1935.795814
147.609823,526,1936.779811
159.43874,488,1937.340414
194.392081,447,1938.228133
98.351906,490,1938.889694
193.740113,497,1939.682035
134.920926,546,1940.392865
142.574354,573,1941.544002
156.253317,493,1942.087569
190.88341,467,1942.699668
134.808762,492,1943.545964
99.649011,483,1944.422484
157.246403,481,1944.944028
103.357339,825,1946.557756
169.810345,471,1947.013083
149.078823,514,1948.285949
187.822104,473,1948.876863
179.801202,488,1949.621164
196.93977,451,1950.374363
132.123188,514,1951.453497
175.106078,483,1952.359043
145.204105,675,1953.825254
-63.967611,487,1954.240161
137.216386,475,1955.166363
125.866164,446,1955.656846
228.610877,439,1956.088289
149.233016,503,1956.837988
186.839746,528,1957.955272
141.47278,527,1958.73941
182.959184,454,1959.28823
161.7933,515,1959.836506
196.908639,483,1960.867736
153.586171,463,1961.531179
-47.514929,291,1961.790514
-66.315693,365,1962.238228
141.04454,474,1962.893868
118.134385,463,1963.895797
53.766767,654,1964.975231
137.727508,354,1965.402636
173.514636,427,1965.864507
173.308031,407,1966.430881
199.196231,511,1983.797238
125.374152,504,1990.632312
186.095097,511,1991.478918
165.326523,463,1992.239346
134.558698,473,1992.937836
-37.77459,415,1993.665321
162.563286,545,1994.587411
165.234078,418,1995.181415
167.43389,432,1995.586984
177.970561,472,1996.507858
155.486506,398,1997.117549
154.492664,460,1997.832611
170.616752,344,1998.313859
196.505811,544,1999.314608
181.138709,493,2000.367869
192.591508,492,2000.910151
-117.435404,450,2001.565738
121.649461,532,2002.332513
176.669338,467,2003.313799
187.124505,483,2004.113527
115.834141,473,2004.879666
193.510801,463,2005.558223
188.753563,496,2006.468685
158.975639,345,2006.8339
84.559853,1000,2008.63724
129.82611,502,2009.400153
134.197356,413,2010.251015
146.071969,687,2011.442533
137.968883,478,2012.05568
163.124246,322,2012.436308
142.995918,476,2013.427707
-125.586539,383,2013.929467
143.348206,584,2014.584855
121.167163,481,2015.131509
197.374583,498,2016.243581
172.912129,476,2017.061742
132.082137,507,2017.826727
179.456182,427,2018.2819
-182.253745,414,2018.656435
187.137125,572,2019.618946
-34.210205,420,2020.013966
169.699783,480,2020.815709
196.154003,490,2021.510121
213.603442,406,2022.247488
150.162119,606,2023.147768
128.65761,467,2023.690818
155.189085,276,2023.943001
-87.473946,219,2024.131196
184.378331,521,2025.296031
157.172104,484,2026.060381
162.14863,526,2026.769893
126.755562,406,2027.413721
122.293513,517,2028.558923
152.701954,425,2029.045051
144.196324,401,2029.626056
155.281358,491,2030.44224
177.216901,358,2030.936368
131.347326,419,2031.847369
195.879998,466,2032.434756
186.947445,470,2033.064413
203.15323,444,2033.608292
134.242088,542,2034.800854
113.732454,455,2035.510575
117.825015,427,2036.136791
151.715679,401,2036.533244
193.357741,446,2037.081234
145.722938,438,2037.910054
127.853656,745,2038.854984
-38.279791,252,2039.125225
102.678524,472,2039.71726
130.586159,477,2040.610475
137.857262,655,2041.527367
192.911014,487,2042.135988
83.995881,707,2043.093162
169.752795,500,2044.161262
169.00481,491,2044.887409
202.128501,457,2045.472414
173.891061,450,2045.945279
126.782022,470,2046.818612
-136.597334,507,2047.266634
148.947735,401,2047.651309
150.678223,378,2048.165145
154.858973,439,2048.590822
129.556408,595,2049.688115
159.900457,512,2050.523872
166.912831,519,2051.307941
157.26688,391,2051.848291
122.926503,479,2052.558568
199.252654,505,2053.306245
88.749358,1000,2054.2439
124.716915,478,2055.220571
177.401515,516,2056.125109
156.353678,507,2056.605855
158.8664,624,2057.344878
-85.218513,413,2058.211597
144.59113,458,2058.943727
144.033029,508,2059.649389
154.651113,486,2060.417484
133.235454,429,2061.07658
143.131131,535,2061.987558
174.012973,463,2062.570575
158.814633,394,2063.0287
179.76364,481,2063.725803
194.435589,391,2064.403273
178.967669,487,2065.185337
138.533486,464,2065.777227
144.58996,428,2066.270104
175.88833,458,2067.108382
134.825807,626,2068.252545
123.54317,540,2068.711705
148.836721,469,2069.438476
154.630274,410,2070.176986
193.582056,405,2070.66654
180.139532,285,2070.925996
133.737518,529,2071.626541
166.801587,460,2072.335102
201.260868,429,2073.205901
175.734427,448,2073.836694
-63.999642,448,2074.334455
145.257882,423,2074.709364
38.254301,1000,2076.366748
159.385789,409,2076.772492
43.609589,688,2077.419382
126.596682,560,2078.472075
164.414607,425,2079.042451
119.83419,599,2080.071096
186.968319,581,2080.768667
126.483366,506,2081.936424
174.25357,535,2082.851894
189.839006,353,2083.327024
194.718747,508,2084.040785
143.192585,514,2084.786866
158.219933,504,2085.719919
149.520602,517,2086.51533
222.658116,417,2086.913312
133.427175,496,2087.557648
156.040386,489,2088.468519
140.539432,478,2089.199827
-83.285759,363,2089.661906
143.912449,656,2090.610678
142.404092,551,2091.947003
180.765138,486,2092.563159
182.775668,320,2092.914739
172.393795,482,2093.684541
171.781729,501,2094.537338
189.600008,422,2094.982611
168.225625,437,2095.577171
111.188778,463,2096.073094
136.293218,487,2096.890985
115.760466,441,2097.892081
146.238182,463,2098.591589
151.198634,467,2099.231813
132.629547,572,2100.135054
143.597346,421,2100.745321
153.899669,508,2101.255444
153.136453,420,2101.881404
-111.065951,364,2102.268126
160.089279,469,2102.896395
-60.656804,309,2103.463177
136.946407,399,2103.797241
162.10243,400,2104.223218
133.830834,437,2104.730773
150.521281,464,2105.415193
183.926166,485,2106.288364
-84.623784,472,2106.826951
219.728484,457,2107.469596
172.030091,459,2108.136124
174.875544,473,2109.054013
184.164566,480,2109.91196
128.0418,487,2110.447277
175.105408,441,2111.158914
131.073623,450,2111.742222
45.567718,1000,2114.230008
172.750438,465,2114.810582
177.824457,478,2115.48678
178.923759,406,2116.314129
204.402135,447,2116.872149
117.715593,539,2117.546816
172.409265,437,2118.04506
150.875171,402,2118.847883
178.732979,473,2119.401651
144.726793,499,2120.065086
195.464176,449,2120.692371
152.735091,540,2121.423585
160.154884,452,2122.46067
135.754906,474,2123.083736
76.011643,1000,2124.571778
139.028139,580,2125.659588
166.045888,574,2126.460418
198.49174,488,2127.167222
201.88759,433,2127.804884
155.61914,368,2128.411927
-54.230854,440,2128.863872
151.407319,441,2129.332964
179.046208,503,2130.006258
190.147415,495,2131.127376
96.11848,460,2131.760409
161.899601,406,2132.180307
162.08452,492,2132.926164
155.678315,478,2133.64622
197.600382,449,2134.534982
118.74323,465,2135.035625
126.992475,685,2136.202167
172.399659,528,2137.075445
173.377059,501,2137.858122
76.144545,1000,2139.377972
223.288225,471,2139.915143
163.213165,453,2140.790058
50.917325,1000,2143.075101
154.498044,401,2143.410903
177.383733,325,2143.742888
-112.163483,290,2144.317197
58.693421,1000,2145.513129
199.893551,443,2146.009795
162.315044,517,2147.224722
169.863944,471,2147.96826
148.253663,423,2148.465618
152.20523,470,2149.00108
14.339333,1000,2151.385384
144.313592,394,2151.763157
155.721021,551,2152.616395
138.285169,408,2153.083996
136.621407,460,2154.109635
214.727325,507,2154.673582
208.265673,478,2155.133632
188.854981,473,2155.763587
116.799079,529,2156.693344
200.098741,513,2157.234644
157.161203,472,2158.019753
215.723516,418,2158.494132
136.944651,593,2159.808739
115.531516,458,2160.493834
146.874642,418,2161.116402
150.337828,481,2161.869477
151.408412,466,2162.680624
207.540486,445,2163.630235
115.381601,471,2164.31957
179.425415,326,2164.606681
168.500904,419,2165.04022
165.980407,293,2165.318796
184.57597,742,2166.487806
130.516865,429,2167.125627
196.83729,461,2167.821914
157.71138,420,2168.30318
175.995529,495,2169.44101
179.626606,453,2170.103189
195.2906,442,2170.679899
-36.622104,385,2170.955352
193.227484,264,2171.185899
139.117361,406,2171.955334
176.378323,469,2172.625104
153.643503,445,2173.217568
151.293359,500,2174.001831
159.199287,480,2174.965558
187.303869,474,2175.840386
183.058912,480,2176.630804
126.371185,439,2177.209029
-44.089355,454,2177.591418
-62.535717,370,2178.226833
159.476483,603,2179.12617
147.011741,422,2179.480641
141.500115,432,2180.012835
209.501519,420,2180.835695
168.965861,442,2181.590769
48.54295,1000,2183.137484
163.345157,354,2183.45491
156.46651,464,2184.385231
-89.861096,428,2184.940363
135.1788,447,2185.455509
185.091252,506,2186.170033
153.056927,457,2187.22523
185.144276,454,2187.802549
190.948354,481,2188.626006
134.913029,483,2189.205038
181.847551,450,2189.839687
172.41513,560,2191.084091
169.715203,503,2191.827963
142.319978,448,2192.468098
133.18412,422,2193.003086
181.265808,443,2193.766041
119.726219,381,2194.274465
177.669098,920,2195.379107
190.094332,482,2195.954749
152.026044,411,2196.641071
196.330396,466,2197.277209
182.016369,385,2197.709364
160.850263,458,2198.472109
138.655268,462,2199.344419
171.949247,512,2200.186632
192.251273,444,2200.877963
144.510514,452,2201.506959
167.05871,455,2202.105929
150.409475,464,2203.101482
128.332434,518,2204.009973
190.50202,463,2204.583025
159.135532,472,2205.17993
149.845898,470,2206.060418
131.646287,526,2206.830195
184.395668,536,2207.815136
146.098326,372,2208.22885
153.622908,435,2209.165822
134.736154,484,2209.858245
51.080347,1000,2211.727229
135.248893,442,2212.3376
127.813393,598,2213.693457
172.392157,478,2214.45697
154.647835,466,2215.202841
196.941343,469,2215.878085
187.126352,448,2216.855396
203.451286,446,2217.437385
163.836932,503,2217.967173
158.489121,375,2218.37692
128.910492,431,2219.285678
142.582744,463,2219.67397
161.245383,452,2220.324043
144.088044,481,2220.80351
107.181144,460,2221.362157
121.270556,473,2222.330651
190.892136,509,2222.94243
174.078205,501,2223.620844
158.116788,450,2224.274397
160.955532,576,2225.628905
183.467401,457,2226.392018
153.065434,463,2227.072751
-56.162561,346,2227.362283
175.927977,493,2228.345923
186.593621,455,2228.864254
115.688778,426,2229.495117
155.06618,485,2230.133189
72.81105,1000,2231.752094
177.965802,467,2232.404821
159.872689,432,2233.050496
170.017573,355,2233.464773
161.053027,388,2233.934608
118.753998,374,2234.700994
164.600013,445,2235.395623
85.8612,586,2236.174929
200.671391,441,2236.664497
161.44124,371,2237.475448
164.489596,466,2238.139581
108.946077,449,2238.738246
132.008976,482,2239.482252
178.243435,345,2239.759123
134.401479,497,2240.706585
127.981692,431,2241.132214
159.516511,623,2242.30753
133.175807,690,2243.114211
151.403713,533,2243.860526
168.4156,442,2244.386858
169.045752,530,2244.946751
173.320576,466,2245.696695
-88.549609,448,2246.407058
117.759409,422,2247.003605
-117.92633,479,2247.589487
56.534589,1000,2249.275786
122.113561,710,2250.231843
137.05419,463,2250.903998
145.340557,672,2252.083057
-84.502173,454,2252.474106
170.015855,516,2253.321616
145.177584,485,2253.943717
141.991049,477,2254.485359
152.835861,443,2255.366528
138.464354,418,2255.927227
71.191753,1000,2257.351413
118.687816,431,2258.125189
157.655453,515,2258.711933
-220.620096,603,2259.276046
193.852449,432,2259.843224
140.504034,447,2260.83679
170.075633,443,2261.369436
160.194791,504,2262.163378
104.892209,439,2262.766403
152.402813,356,2263.0525
182.987379,457,2264.126758
188.795978,475,2264.738135
147.442815,558,2265.741635
135.503553,428,2266.169107
164.166117,349,2266.903194
187.898562,434,2267.477785
160.774712,468,2268.060304
185.512952,444,2268.714667
149.655173,414,2269.188358
-36.082433,448,2269.894707
145.011383,426,2270.464908
130.676159,494,2271.055269
152.770894,454,2271.731615
177.135213,456,2272.276572
177.160803,482,2273.271446
181.880381,450,2273.942215
154.957252,512,2274.550373
189.031812,446,2275.219751
170.899723,448,2276.10583
163.890004,441,2276.723374
156.743956,510,2277.521661
-38.325804,253,2277.714082
163.603779,498,2278.269039
116.80754,535,2279.131596
180.261001,463,2279.648203
190.054573,442,2280.390753
126.889778,450,2281.028496
158.055011,466,2282.045611
205.023857,444,2282.708452
189.371307,439,2283.340447
-78.988183,328,2283.6495
149.286657,412,2284.236177
172.189404,508,2285.100868
120.054448,489,2285.68744
202.725171,518,2286.432361
185.27973,613,2287.413013
191.54013,453,2288.197375
176.122192,453,2288.816965
137.915507,444,2289.398401
169.819654,489,2290.184136
200.727589,446,2290.992341
137.868184,401,2291.465253
178.713408,489,2292.220466
171.477417,448,2292.849623
82.785576,560,2293.622541
155.746036,384,2294.330262
165.345048,464,2294.987039
137.698219,1000,2297.156294
-50.67375,419,2311.632972
149.901608,479,2317.381526
161.161957,422,2317.858393
143.315055,417,2318.456415
179.89544,457,2319.005279
197.759172,368,2319.660397
132.667826,481,2320.506088
165.281286,326,2320.927533
-51.804307,438,2321.433085
172.769831,477,2322.084821
192.755729,526,2323.087636
180.185244,471,2323.773044
219.130379,427,2324.167248
97.614224,432,2324.725723
136.63389,466,2325.699461
157.96025,524,2326.604312
152.397184,403,2327.175558
135.294839,434,2327.838149
153.71598,434,2328.372797
157.431228,391,2329.188644
135.250786,538,2330.13535
214.965766,415,2330.554625
144.655965,486,2331.318709
50.813197,1000,2333.029948
194.315158,812,2333.914208
179.50935,453,2334.534837
170.190488,308,2335.126813
141.387509,512,2335.860393
183.915587,476,2336.463129
154.333014,487,2337.200765
-52.543572,458,2337.646664
150.932888,408,2338.507619
204.208169,434,2338.946402
181.076002,385,2339.394837
-54.604866,328,2339.781646
152.701351,469,2340.547611
148.185085,450,2341.240366
161.20082,474,2341.940368
194.319044,466,2342.580399
156.399949,457,2343.168429
144.761653,513,2344.205969
117.265019,433,2344.883385
166.049427,474,2345.48331
140.494327,453,2345.994305
160.636526,971,2347.429949
149.374188,585,2348.338564
197.865359,452,2348.823637
142.833342,496,2349.770553
159.499929,498,2350.521818
125.021248,425,2351.160638
141.579771,436,2351.591001
171.633355,444,2352.218735
128.752347,449,2353.140822
178.573907,464,2353.773893
190.586475,470,2354.41973
185.012805,769,2356.02327
116.173331,448,2356.949708
-45.394318,452,2357.495444
168.438351,458,2358.094545
136.729189,406,2358.494638
173.851061,470,2359.443445
154.724152,664,2360.600515
156.144745,276,2360.858993
144.177006,499,2361.492853
191.683012,478,2361.965583
-36.030574,425,2362.835274
108.42083,454,2363.462187
177.107664,561,2364.152491
192.390567,461,2364.606966
-76.955734,433,2365.496451
174.512948,468,2366.078835
148.164414,507,2366.943078
195.054038,451,2367.439256
176.122609,495,2368.388541
169.881672,476,2369.137942
151.715098,510,2369.985277
129.603882,561,2370.735202
135.488204,540,2371.756939
65.432941,1000,2373.254177
147.469502,395,2373.757944
-52.147988,335,2374.044959
-16.321188,336,2374.736204
149.449339,460,2375.429679
145.983352,454,2375.900457
149.783099,525,2376.772213
149.969508,423,2377.267232
186.892684,328,2377.951615
133.699837,492,2378.62206
186.549314,497,2379.305612
161.01477,428,2379.787775
155.627731,414,2380.504725
179.130465,299,2380.841014
108.358974,443,2381.48293
155.06395,394,2381.938068
190.433727,444,2382.583963
128.185085,479,2383.491735
130.339262,485,2384.258312
183.75717,467,2385.10933
165.817854,481,2385.629
165.248671,431,2386.276811
177.877062,470,2387.373468
-69.372433,427,2388.008779
181.212765,496,2388.71189
134.571849,448,2389.418792
160.16252,488,2390.379404
161.241939,463,2391.001605
-52.151347,408,2391.434796
189.275131,440,2392.067954
175.288935,467,2392.783876
114.666138,1000,2394.231801
188.162903,456,2394.946416
158.47732,569,2396.05762
119.291741,458,2396.964023
144.779361,350,2397.357561
151.414836,472,2397.821748
160.053468,441,2398.538476
139.620418,488,2399.303613
148.18285,417,2399.771696
152.862373,491,2400.608773
172.064434,522,2401.275463
169.69658,476,2402.028898
162.759904,338,2402.637045
140.498983,403,2403.260056
-63.398391,421,2403.824856
184.137057,482,2404.684313
175.783177,340,2405.069321
86.486243,1000,2406.3708
165.500475,477,2406.875266
131.866697,493,2407.594644
153.690586,438,2408.50184
159.309489,494,2409.229227
168.547352,368,2409.619797
-80.885564,245,2409.819024
122.236488,475,2410.342314
68.814055,1000,2412.021278
141.943631,539,2412.711589
81.818973,1000,2414.727231
136.508419,466,2415.430243
114.116382,420,2416.042068
162.569756,402,2416.513961
188.860667,477,2417.17191
-70.074851,456,2418.032973
135.848764,413,2418.51826
55.461413,567,2419.342467
137.41041,419,2419.757047
185.543926,360,2420.420303
177.172896,507,2421.134935
136.387572,761,2422.839796
115.798182,448,2423.225694
185.440758,469,2424.224825
-57.303885,386,2424.514324
194.741183,457,2425.096377
190.763073,439,2425.673416
158.978156,555,2426.739075
169.295046,550,2427.622502
121.341257,480,2428.311472
162.905771,481,2428.960413
-62.179801,303,2429.225996
195.527085,290,2429.791852
109.76803,446,2430.295531
180.799924,415,2430.662453
143.678221,476,2431.41262
144.938532,456,2432.023239
-103.66228,347,2432.716643
166.940265,424,2433.306447
199.473149,459,2433.954087
158.353,401,2434.44434
98.412378,459,2435.081475
167.419148,453,2435.998103
160.372176,463,2436.638204
205.363449,450,2437.218098
177.203765,478,2438.117657
178.377863,478,2438.998118
199.645287,509,2439.624943
129.370541,481,2440.215044
177.867776,418,2440.827339
92.98895,613,2441.718377
190.11908,470,2442.289518
139.075,511,2443.00456
144.122861,453,2443.625381
57.422523,1000,2445.481418
207.045325,496,2446.044641
-25.434044,494,2446.521494
192.963797,486,2447.195132
173.715299,470,2448.109555
184.90507,510,2448.848073
152.784804,464,2449.507579
152.168907,453,2450.133449
179.389431,462,2451.013854
117.954607,449,2451.678533
171.707379,422,2452.254831
177.614351,496,2452.914698
163.096237,732,2454.450112
152.880767,450,2455.204971
175.950669,445,2455.698263
109.095798,446,2456.366652
-72.874025,323,2456.746124
152.109876,506,2457.708704
156.868871,405,2458.074879
195.797888,455,2458.84844
-83.307209,235,2459.081744
162.349336,453,2459.664757
192.657698,447,2460.574264
189.793053,565,2461.354352
166.131331,493,2462.072397
152.021839,547,2462.810301
174.226354,371,2463.557169
183.887839,465,2464.232416
164.392436,472,2464.685135
145.088875,475,2465.323987
154.82235,473,2466.196541
130.426461,429,2466.854988
149.47123,458,2467.250681
166.792375,470,2467.736619
143.831582,536,2468.830478
114.042567,437,2469.397641
63.915505,558,2470.27898
187.389009,462,2470.991767
-36.347733,280,2471.28292
180.797191,442,2472.183978
180.532279,457,2472.7231
176.286859,409,2473.219642
179.810697,429,2473.741946
169.028296,388,2474.155423
200.50011,473,2474.955758
-50.398449,397,2475.307638
204.874126,416,2475.903888
143.555662,923,2477.605293
186.298527,448,2478.626313
168.904462,498,2479.430591
135.364441,462,2480.076837
175.09715,479,2480.821894
-69.888716,286,2481.350984
156.798107,468,2482.08163
147.465327,470,2482.923858
143.152057,380,2483.396026
152.114213,472,2484.149153
157.937282,515,2485.242552
131.900632,436,2485.789689
151.685257,478,2486.618871
133.521563,760,2487.907293
163.045168,414,2488.597393
178.295762,499,2489.46965
147.305354,370,2489.91535
165.778982,485,2490.700453
187.529711,556,2492.025855
154.71669,410,2492.368268
152.921783,400,2492.769866
170.528381,480,2493.453607
154.160231,448,2494.015794
207.343682,320,2494.676759
170.1911,497,2495.243469
164.014413,467,2495.944784
139.096171,505,2496.741301
135.743935,403,2497.526534
168.667132,389,2497.992867
159.163433,328,2498.313036
151.010627,602,2499.502353
178.134149,491,2500.034968
80.642948,458,2500.885122
186.099385,257,2501.077878
137.899112,482,2501.722337
182.071351,449,2502.338171
189.405848,456,2502.993262
157.59111,643,2504.731017
184.958178,443,2505.323766
146.591963,455,2505.991884
153.418469,429,2506.678662
141.093125,465,2507.70426
165.606149,443,2508.18222
134.94343,430,2508.722845
139.823863,336,2509.163762
168.71551,616,2510.114587
153.889932,458,2510.828956
155.232161,353,2511.223882
-103.57604,333,2511.620142
-83.84921,208,2511.800524
-40.815612,405,2512.14673
185.728474,485,2513.0586
187.274579,484,2513.803743
190.866663,810,2514.921585
182.668754,429,2515.547718
168.858359,472,2516.552448
170.075056,728,2517.843786
142.629684,445,2518.50296
184.359676,450,2519.001562
163.071582,430,2519.896088
176.376536,426,2520.45581
158.689762,932,2522.165314
204.268925,456,2523.047838
170.030261,435,2523.657477
156.388608,455,2524.381391
191.099692,462,2525.011633
150.541771,428,2525.612067
158.477814,483,2526.601715
180.467496,468,2527.304676
149.30371,450,2528.00749
178.980531,533,2528.909284
-32.962761,356,2529.608795
165.886596,424,2530.139148
153.815634,515,2530.788598
166.388912,464,2531.417198
181.142942,409,2531.925368
198.688483,422,2532.886392
98.479128,519,2533.499412
162.664322,484,2534.213174
209.143634,439,2534.788647
195.919441,300,2535.042565
76.551533,472,2536.010454
141.414025,323,2536.283724
121.468674,754,2537.32389
116.047645,509,2538.353357
159.590325,469,2539.030878
150.095329,390,2539.411414
114.858271,452,2540.058861
178.551261,484,2540.580108
141.831859,759,2542.712573
149.963424,433,2543.350772
201.574476,424,2543.944264
-97.871911,315,2544.257754
160.297982,507,2545.243545
137.427111,463,2545.972333
-35.979774,247,2546.222217
185.957631,516,2547.084023
201.253613,430,2547.69584
173.842511,459,2548.539802
209.925006,441,2549.201626
159.707803,539,2550.108418
172.644503,467,2550.733563
185.176573,444,2551.493747
176.313057,444,2552.188778
148.013134,460,2552.893284
154.781962,446,2553.400248
140.455935,511,2554.346294
-80.842837,294,2554.916121
166.91123,485,2555.545295
162.156399,427,2556.203848
148.70794,380,2556.609942
-57.956711,181,2556.743052
149.651027,356,2557.117195
119.850735,669,2558.031807
185.048471,441,2558.781836
178.490533,520,2559.543591
173.051383,485,2560.633764
-47.06897,452,2560.991048
86.458129,1000,2562.071567
161.606644,670,2563.488376
72.814328,1000,2566.010856
139.796524,737,2567.114666
193.169546,460,2568.185995
159.713434,385,2568.661925
166.706179,796,2569.563643
-49.655577,274,2569.844664
138.239643,425,2570.604612
161.339559,930,2572.135339
202.428429,432,2572.612579
-81.190994,318,2572.954533
166.447496,486,2573.977879
172.909256,439,2574.594736
206.593583,444,2575.380974
177.118905,404,2575.816994
149.74496,608,2577.268324
201.564905,504,2577.782637
141.323596,469,2578.543445
-83.949105,438,2579.241853
144.58184,475,2579.678998
159.392264,482,2580.711174
170.685735,471,2581.315609
144.509174,384,2581.837993
157.477688,636,2582.86005
178.419658,484,2584.032218
147.198035,586,2584.908057
170.423455,455,2585.425954
155.109091,318,2585.740518
151.814379,418,2586.634314
164.449784,477,2587.287463
126.516297,507,2587.916143
176.108756,472,2588.52069
178.146161,399,2588.948215
74.50243,1000,2590.593812
183.04159,445,2591.226244
173.352488,433,2591.793087
-37.81264,246,2591.998696
141.631132,491,2592.877864
-39.278024,287,2593.116008
-59.757763,421,2593.551205
150.867676,364,2593.961894
180.243238,447,2594.60023
135.868396,478,2595.49917
77.741973,1000,2597.226507
203.110989,427,2597.744692
111.670904,418,2598.513783
166.225042,568,2599.121525
154.471878,504,2600.022113
188.76867,470,2600.52963
-64.380292,397,2601.395074
129.301259,430,2601.749922
-28.925801,292,2602.046775
158.893921,516,2603.028337
129.057343,402,2603.564235
178.389998,466,2604.542593
119.849629,378,2604.855227
123.988115,435,2605.214783
-95.257342,325,2605.535741
114.982097,549,2606.024827
174.352534,503,2607.111486
-42.001998,261,2607.340525
121.113578,477,2607.96752
163.973114,526,2608.894663
157.685743,395,2609.330284
130.496556,463,2610.291885
65.382093,622,2611.008839
185.091466,456,2611.717941
189.082695,496,2612.333634
-115.577913,418,2613.101366
185.308468,493,2613.596753
129.542621,476,2614.188654
-216.830975,496,2614.56825
85.960155,1000,2616.401559
197.729298,442,2617.020144
114.176732,443,2617.585555
185.328878,443,2618.149495
177.5707,506,2619.202828
179.859254,819,2620.124042
207.318179,469,2620.756346
192.608731,457,2621.658248
166.634725,482,2622.38215
154.23791,494,2623.007179
174.626813,481,2623.593978
167.254819,457,2624.219444
132.464381,482,2640.551842
141.126831,485,2647.208227
102.439152,486,2647.687015
166.445632,449,2648.441062
177.973093,510,2649.062413
-59.863483,438,2649.891907
159.274266,457,2650.588216
197.183851,445,2651.170149
64.220052,1000,2653.128101
177.461996,462,2653.764008
72.086998,459,2654.457342
166.755636,558,2655.066133
147.241917,435,2655.879563
136.907474,436,2656.353769
164.795375,515,2657.245839
177.304362,472,2657.882091
194.976612,454,2658.52578
169.935438,473,2659.422918
177.824787,457,2659.980546
176.958031,434,2660.622601
-51.135874,381,2661.115651
147.682715,476,2662.181464
175.34373,494,2662.868923
169.392179,538,2663.717204
154.6664,461,2664.357661
-78.06345,259,2664.614065
165.572951,375,2665.283801
139.068127,443,2665.860371
169.988446,476,2666.582392
152.207821,564,2667.568395
183.110423,473,2668.324893
187.441487,467,2668.958515
161.802771,701,2669.921557
151.862963,491,2670.569088
166.925915,450,2671.486246
137.24,436,2672.147171
-92.540036,331,2672.50428
148.541228,339,2672.942929
176.607625,420,2673.396539
39.717675,1000,2675.007529
169.518967,449,2675.651612
168.410334,448,2676.193727
192.768374,452,2676.752288
153.344673,385,2677.542791
52.202331,1000,2678.800236
107.530181,438,2679.305023
186.6607,444,2680.164811
121.729191,457,2680.695458
177.514127,728,2682.027925
180.476904,519,2682.865378
171.627004,419,2683.552954
191.771943,435,2684.163312
182.56617,456,2684.656441
164.807549,444,2685.344808
139.937063,549,2686.229036
176.499846,338,2686.77699
157.721958,396,2687.176269
155.634301,471,2687.88706
159.827811,496,2688.66032
135.530586,952,2691.178815
184.041165,469,2691.813341
125.750419,389,2692.208976
143.158114,428,2692.752422
203.235139,422,2693.511769
167.872411,630,2694.246083
118.223081,757,2695.46905
156.983089,457,2696.368573
157.148216,454,2697.068024
148.05808,380,2697.413638
128.991448,490,2698.153399
139.788296,466,2698.666339
187.350159,496,2699.585468
127.742481,412,2699.998841
189.118946,499,2700.483875
127.608163,524,2701.223003
180.764599,480,2702.144131
145.289644,472,2702.658831
148.977039,455,2703.092529
186.70535,452,2703.777737
111.132991,664,2705.058296
170.812087,462,2705.679052
153.460771,447,2706.357029
183.566071,458,2707.073488
118.642148,552,2708.434423
148.26597,444,2709.054009
185.626395,456,2709.529994
132.489955,468,2710.300381
168.356078,462,2711.028119
131.254505,445,2712.058097
172.931035,458,2712.830959
203.302304,448,2713.471969
169.080241,498,2714.130173
156.713959,468,2715.137343
160.64501,413,2715.6006
160.793643,408,2716.090173
174.293192,507,2716.909993
164.233592,470,2717.428196
-70.783815,430,2718.236346
162.004007,469,2718.989214
159.770501,436,2719.454596
131.985924,466,2719.984545
-20.663487,219,2720.160103
180.004728,445,2721.127432
138.34397,448,2721.836503
-91.459252,429,2722.183371
123.09574,394,2722.728077
150.667214,349,2723.234546
138.262793,449,2724.162562
148.615993,421,2724.735304
177.993348,554,2725.312481
127.508786,470,2725.870678
-41.836968,277,2726.127664
75.278335,1000,2727.630747
173.891019,477,2728.307208
164.134241,921,2730.036679
110.187739,451,2730.648334
174.904415,497,2731.319089
151.737712,440,2731.99147
179.573263,433,2732.847125
151.185121,461,2733.570794
185.311449,904,2734.461192
123.67314,466,2735.178433
137.96572,412,2735.947294
114.059757,505,2736.428797
195.932699,568,2737.430515
144.218668,431,2737.985132
140.29898,366,2738.596769
144.362351,434,2739.286846
178.726741,481,2739.999163
151.104255,386,2740.510511
136.509893,449,2741.083377
-63.846346,447,2741.82059
156.178126,363,2742.220801
208.413848,422,2742.69154
148.441027,426,2743.317693
183.888661,622,2744.483779
130.013237,362,2744.771103
159.369587,507,2745.599151
158.058124,450,2746.279013
-38.830366,396,2746.743485
197.704482,407,2747.58542
130.050679,467,2748.147834
-77.565641,450,2748.669409
107.170076,441,2749.210457
128.610486,547,2749.771027
153.275274,392,2750.436409
192.194037,465,2751.055937
179.681018,642,2751.799764
123.893975,433,2752.410306
145.337322,499,2753.405421
200.569857,421,2754.002616
184.273433,477,2754.556874
169.52994,960,2756.146131
178.390049,404,2756.620984
149.664114,481,2757.425493
143.656629,658,2758.506218
140.177654,413,2759.320182
169.430134,482,2760.108176
147.146284,507,2760.941891
135.199071,456,2761.630428
183.682357,493,2762.369828
-96.607373,313,2762.96593
-43.973854,386,2763.310696
-97.3377,445,2763.863768
177.001682,472,2764.624068
171.997813,491,2765.391712
172.087,510,2766.566918
157.632384,503,2767.268207
151.638507,396,2767.7873
145.904372,451,2768.20775
146.366418,466,2769.191337
186.53467,501,2769.767401
-51.558133,265,2769.98063
78.817509,1000,2771.264683
168.495321,649,2772.566252
155.24633,388,2773.083939
162.669809,791,2774.738357
147.76678,807,2776.565043
160.658743,394,2777.057822
163.69696,998,2778.65379
179.052819,549,2779.855751
177.728895,450,2780.539268
188.758789,436,2781.13572
162.186857,424,2781.63416
160.037019,530,2782.761009
185.49384,513,2783.472241
187.698833,447,2784.144506
61.373368,1000,2786.553695
188.941889,434,2787.035202
146.917643,415,2787.680451
174.324654,471,2788.300833
143.804067,390,2788.820493
148.569207,456,2789.686823
-103.360524,456,2790.156866
155.555343,384,2790.587844
150.939252,487,2791.355178
192.247044,487,2792.316833
-76.089171,413,2792.796833
139.563148,468,2793.489197
179.934566,450,2794.234869
135.705955,750,2795.694582
46.935901,1000,2797.822654
-19.596766,203,2797.971763
93.385682,557,2798.530038
170.829218,479,2799.625146
-92.040746,449,2800.143144
163.794108,322,2800.551464
172.87754,361,2801.061836
172.385573,386,2801.580103
157.853844,803,2803.283972
91.558903,555,2804.050691
89.424325,569,2804.733259
80.722449,622,2805.636638
142.178849,434,2806.191811
121.9423,434,2806.889009
171.141959,461,2807.459511
193.594762,442,2807.880042
175.115436,409,2808.644748
133.337591,409,2809.054182
159.744331,430,2809.615157
165.891258,521,2810.596219
167.153083,537,2811.749219
193.297207,333,2812.060768
191.626586,463,2812.866747
131.64481,486,2813.284419
-72.425837,405,2813.693438
164.680985,572,2814.61748
187.789126,450,2815.332224
178.213808,441,2816.045411
196.768514,492,2816.502017
147.122401,503,2817.672885
54.664738,1000,2818.990245
113.10389,560,2819.676835
131.186641,677,2821.300243
157.562327,459,2821.928176
171.089948,355,2822.197519
-68.920344,417,2822.628089
144.395837,466,2823.675032
-101.42002,492,2824.13207
-62.452803,336,2824.409248
162.138393,477,2825.006888
141.805995,496,2825.526643
28.860921,1000,2827.896744
-108.189055,386,2828.289273
177.869796,559,2829.083209
170.322975,518,2829.837832
181.350931,460,2830.476243
158.544156,565,2831.388239
168.728223,682,2832.28247
-98.358303,439,2833.10508
-68.489926,468,2833.817889
-53.490714,438,2834.457434
-5.094548,286,2834.691797
185.042149,424,2835.276186
171.514041,375,2835.987618
155.381522,512,2836.652355
122.044316,481,2837.254803
141.798547,618,2837.951205
172.329063,469,2839.029371
188.205601,448,2839.588576
155.960416,452,2840.246818
161.049932,445,2840.910873
151.985251,455,2841.794815
164.49282,530,2842.576524
163.747661,487,2843.311076
122.341977,433,2843.767337
156.557777,490,2844.835826
-84.845591,331,2845.1659
-100.102277,417,2845.744763
170.323671,475,2846.476177
170.222586,450,2847.202059
-112.821867,494,2848.169698
172.231187,607,2849.079888
168.869991,451,2849.644788
-84.127625,260,2849.908479
9.466882,1000,2851.985767
124.122372,447,2852.627359
163.020296,505,2853.332649
145.412077,480,2854.028404
-64.407024,433,2854.998424
187.594151,443,2855.586667
156.579856,521,2856.164564
160.156733,556,2857.188111
145.143912,387,2857.925627
166.661908,422,2858.525759
108.119535,428,2858.910931
163.395506,482,2859.606026
118.32169,507,2860.092564
61.224691,1000,2861.764734
177.28483,456,2862.317442
178.872649,463,2863.117704
-42.187345,208,2863.277018
132.605555,510,2864.332331
-49.526359,367,2864.642488
109.579773,437,2865.268796
148.536525,552,2865.905674
155.451877,557,2867.191227
140.645449,413,2867.730131
162.959298,461,2868.468246
160.782236,518,2869.407498
172.779721,345,2870.145546
110.830555,548,2870.858823
-64.759318,426,2871.374997
177.029951,443,2872.032704
116.018797,614,2873.385366
124.908109,503,2874.200069
165.075116,477,2874.98669
195.312076,330,2875.357467
-57.686274,269,2875.626814
180.504121,376,2876.042344
-64.531443,330,2876.631215
161.677586,501,2877.299254
200.157413,420,2877.879775
78.424369,1000,2880.329211
161.888086,573,2881.264769
156.522821,537,2882.322376
152.331539,477,2883.060776
150.520899,450,2884.030952
-81.656924,336,2884.395728
156.545882,443,2884.788446
119.225302,460,2885.431778
143.749734,410,2885.84867
182.573658,529,2886.94308
186.263791,433,2887.543418
178.297739,404,2888.057642
181.639611,461,2888.804115
44.67883,1000,2890.689708
186.897932,470,2891.243557
183.510675,930,2892.252563
-48.085444,404,2892.984983
176.744831,410,2893.483163
158.771497,488,2894.048356
125.277969,470,2894.631265
-63.819971,414,2895.005502
134.317457,374,2895.698484
169.889205,455,2896.338143
135.122182,479,2896.900988
161.65597,436,2897.336222
167.596828,465,2913.470059
